centered,distance,r,var_old,var_young
1.0,0.0,1.0,div_and_fold,div_and_fold
1.0,1.0,-0.22453589192315365,div_and_fold,div_and_fold
1.0,2.0,-0.09623684699423739,div_and_fold,div_and_fold
1.0,3.0,-0.0422433041877384,div_and_fold,div_and_fold
1.0,4.0,-0.03589234628365284,div_and_fold,div_and_fold
1.0,5.0,0.01211547292454945,div_and_fold,div_and_fold
1.0,6.0,-0.012046181787631303,div_and_fold,div_and_fold
1.0,7.0,-0.00020102290522792688,div_and_fold,div_and_fold
1.0,8.0,-0.004452433065993437,div_and_fold,div_and_fold
1.0,9.0,0.014567445822902814,div_and_fold,div_and_fold
1.0,10.0,-0.01969149405467441,div_and_fold,div_and_fold
0.0,0.0,1.0,div_and_fold,div_and_fold
0.0,1.0,-0.23653951645887114,div_and_fold,div_and_fold
0.0,2.0,-0.10247007160311598,div_and_fold,div_and_fold
0.0,3.0,-0.0497242320307256,div_and_fold,div_and_fold
0.0,4.0,-0.04544917113354355,div_and_fold,div_and_fold
0.0,5.0,0.0032680554539598187,div_and_fold,div_and_fold
0.0,6.0,-0.02249037196831019,div_and_fold,div_and_fold
0.0,7.0,-0.012466420976823976,div_and_fold,div_and_fold
0.0,8.0,-0.017586918454059568,div_and_fold,div_and_fold
0.0,9.0,0.0064601560676408,div_and_fold,div_and_fold
0.0,10.0,-0.027289974462376583,div_and_fold,div_and_fold
1.0,0.0,0.7848280041005212,div_and_fold,fold_growth
1.0,1.0,-0.16322519190944115,div_and_fold,fold_growth
1.0,2.0,-0.0804666391216134,div_and_fold,fold_growth
1.0,3.0,-0.04689999034530094,div_and_fold,fold_growth
1.0,4.0,-0.03457163835351811,div_and_fold,fold_growth
1.0,5.0,-0.0048182862339969925,div_and_fold,fold_growth
1.0,6.0,-0.015567221009323787,div_and_fold,fold_growth
1.0,7.0,-0.0046295050519062865,div_and_fold,fold_growth
1.0,8.0,-0.00561011211745828,div_and_fold,fold_growth
1.0,9.0,0.00023631426955032266,div_and_fold,fold_growth
1.0,10.0,-0.003977619276757161,div_and_fold,fold_growth
0.0,0.0,0.8035230501891226,div_and_fold,fold_growth
0.0,1.0,-0.16719840699301963,div_and_fold,fold_growth
0.0,2.0,-0.08165409408559919,div_and_fold,fold_growth
0.0,3.0,-0.04781665514982476,div_and_fold,fold_growth
0.0,4.0,-0.03622816218559842,div_and_fold,fold_growth
0.0,5.0,-0.004484084582153439,div_and_fold,fold_growth
0.0,6.0,-0.01713870647475702,div_and_fold,fold_growth
0.0,7.0,-0.006209022634622632,div_and_fold,fold_growth
0.0,8.0,-0.008043728874296517,div_and_fold,fold_growth
0.0,9.0,-0.0014396431549140816,div_and_fold,fold_growth
0.0,10.0,-0.004471398460216595,div_and_fold,fold_growth
1.0,0.0,0.1753832390927512,div_and_fold,division_ratio
1.0,1.0,-0.04827219760677092,div_and_fold,division_ratio
1.0,2.0,-0.021705992780134832,div_and_fold,division_ratio
1.0,3.0,0.020368572426937258,div_and_fold,division_ratio
1.0,4.0,-0.00581554836071813,div_and_fold,division_ratio
1.0,5.0,0.015969062538758228,div_and_fold,division_ratio
1.0,6.0,0.01475035928917744,div_and_fold,division_ratio
1.0,7.0,0.008191235555245454,div_and_fold,division_ratio
1.0,8.0,-0.0009179012855106978,div_and_fold,division_ratio
1.0,9.0,0.008062013978840626,div_and_fold,division_ratio
1.0,10.0,-0.030225081297070317,div_and_fold,division_ratio
0.0,0.0,0.18458209892369373,div_and_fold,division_ratio
0.0,1.0,-0.060642458440949176,div_and_fold,division_ratio
0.0,2.0,-0.028703606427809947,div_and_fold,division_ratio
0.0,3.0,0.01823352834562322,div_and_fold,division_ratio
0.0,4.0,-0.011938884059586968,div_and_fold,division_ratio
0.0,5.0,0.012360966946654074,div_and_fold,division_ratio
0.0,6.0,0.01087738264767782,div_and_fold,division_ratio
0.0,7.0,0.0036689428627580405,div_and_fold,division_ratio
0.0,8.0,-0.0017403557146649408,div_and_fold,division_ratio
0.0,9.0,0.005387552209357184,div_and_fold,division_ratio
0.0,10.0,-0.03408832029432306,div_and_fold,division_ratio
1.0,0.0,0.6997224825490264,div_and_fold,added_length
1.0,1.0,-0.000681715424812087,div_and_fold,added_length
1.0,2.0,0.007997416085035243,div_and_fold,added_length
1.0,3.0,-0.001134756283125461,div_and_fold,added_length
1.0,4.0,-0.01349122526782711,div_and_fold,added_length
1.0,5.0,0.005501080579752921,div_and_fold,added_length
1.0,6.0,-0.011794849531189937,div_and_fold,added_length
1.0,7.0,0.010506281059765052,div_and_fold,added_length
1.0,8.0,-0.0014600985908810702,div_and_fold,added_length
1.0,9.0,0.0050040833639147814,div_and_fold,added_length
1.0,10.0,0.0057902802641450965,div_and_fold,added_length
0.0,0.0,0.7696433636841005,div_and_fold,added_length
0.0,1.0,0.00156522625794774,div_and_fold,added_length
0.0,2.0,0.00483619524559642,div_and_fold,added_length
0.0,3.0,-0.00516712046313177,div_and_fold,added_length
0.0,4.0,-0.01773936662592795,div_and_fold,added_length
0.0,5.0,0.004184937774076845,div_and_fold,added_length
0.0,6.0,-0.01508869490068703,div_and_fold,added_length
0.0,7.0,0.007316068047456901,div_and_fold,added_length
0.0,8.0,-0.009135457669348647,div_and_fold,added_length
0.0,9.0,-0.0009003128790030744,div_and_fold,added_length
0.0,10.0,-0.00108306250751747,div_and_fold,added_length
1.0,0.0,0.5967474453129988,div_and_fold,generationtime
1.0,1.0,-0.17374219452532033,div_and_fold,generationtime
1.0,2.0,-0.08740235443189202,div_and_fold,generationtime
1.0,3.0,-0.03155036180202924,div_and_fold,generationtime
1.0,4.0,-0.025718254214364574,div_and_fold,generationtime
1.0,5.0,-0.006812618913749495,div_and_fold,generationtime
1.0,6.0,-0.011924513774329445,div_and_fold,generationtime
1.0,7.0,0.01235694524920269,div_and_fold,generationtime
1.0,8.0,-0.01194982313280239,div_and_fold,generationtime
1.0,9.0,-0.004349784013947857,div_and_fold,generationtime
1.0,10.0,-0.0005942495818710367,div_and_fold,generationtime
0.0,0.0,0.6937964825047677,div_and_fold,generationtime
0.0,1.0,-0.19845376547394902,div_and_fold,generationtime
0.0,2.0,-0.09549407606156345,div_and_fold,generationtime
0.0,3.0,-0.03460518535321994,div_and_fold,generationtime
0.0,4.0,-0.026500200905012865,div_and_fold,generationtime
0.0,5.0,-0.0031489263823615454,div_and_fold,generationtime
0.0,6.0,-0.009978685205420851,div_and_fold,generationtime
0.0,7.0,0.016115919965616777,div_and_fold,generationtime
0.0,8.0,-0.013803202297411525,div_and_fold,generationtime
0.0,9.0,0.0011765588748379526,div_and_fold,generationtime
0.0,10.0,0.006545329147374649,div_and_fold,generationtime
1.0,0.0,-0.26244172361542745,div_and_fold,length_birth
1.0,1.0,0.34379421281069744,div_and_fold,length_birth
1.0,2.0,0.15825032853444237,div_and_fold,length_birth
1.0,3.0,0.08469654719202195,div_and_fold,length_birth
1.0,4.0,0.04430847759120559,div_and_fold,length_birth
1.0,5.0,0.022180141750513513,div_and_fold,length_birth
1.0,6.0,0.021355240241380264,div_and_fold,length_birth
1.0,7.0,0.007086682253290254,div_and_fold,length_birth
1.0,8.0,0.019697931142088496,div_and_fold,length_birth
1.0,9.0,0.014589594304829848,div_and_fold,length_birth
1.0,10.0,0.004643129071786093,div_and_fold,length_birth
0.0,0.0,-0.3224542490063454,div_and_fold,length_birth
0.0,1.0,0.4159435342449386,div_and_fold,length_birth
0.0,2.0,0.17917585355759294,div_and_fold,length_birth
0.0,3.0,0.09205897628734028,div_and_fold,length_birth
0.0,4.0,0.04370186600253486,div_and_fold,length_birth
0.0,5.0,0.01627542079849084,div_and_fold,length_birth
0.0,6.0,0.014443967288398672,div_and_fold,length_birth
0.0,7.0,-0.007352307298348136,div_and_fold,length_birth
0.0,8.0,0.002532304647252256,div_and_fold,length_birth
0.0,9.0,0.01210903564246834,div_and_fold,length_birth
0.0,10.0,-0.0017718623477060414,div_and_fold,length_birth
1.0,0.0,0.3931082675923343,div_and_fold,length_final
1.0,1.0,0.1803200599835596,div_and_fold,length_final
1.0,2.0,0.07815405366983542,div_and_fold,length_final
1.0,3.0,0.046905962010343444,div_and_fold,length_final
1.0,4.0,0.013944676574083725,div_and_fold,length_final
1.0,5.0,0.016590075622489223,div_and_fold,length_final
1.0,6.0,0.001465874146968973,div_and_fold,length_final
1.0,7.0,0.01791596248406513,div_and_fold,length_final
1.0,8.0,0.009028064666121344,div_and_fold,length_final
1.0,9.0,0.012337643685790479,div_and_fold,length_final
1.0,10.0,0.008528344271110697,div_and_fold,length_final
0.0,0.0,0.48451993414124905,div_and_fold,length_final
0.0,1.0,0.21849178907269254,div_and_fold,length_final
0.0,2.0,0.08430720942976674,div_and_fold,length_final
0.0,3.0,0.04598925459691427,div_and_fold,length_final
0.0,4.0,0.005801317275146988,div_and_fold,length_final
0.0,5.0,0.007781331316629295,div_and_fold,length_final
0.0,6.0,-0.013719168122572055,div_and_fold,length_final
0.0,7.0,0.0005217235136750834,div_and_fold,length_final
0.0,8.0,-0.017662870773084368,div_and_fold,length_final
0.0,9.0,0.008276167944918908,div_and_fold,length_final
0.0,10.0,0.0012058441838440012,div_and_fold,length_final
1.0,0.0,0.09810205312033493,div_and_fold,growth_rate
1.0,1.0,0.053202090110610126,div_and_fold,growth_rate
1.0,2.0,0.022631146556967987,div_and_fold,growth_rate
1.0,3.0,-0.008535622632448808,div_and_fold,growth_rate
1.0,4.0,-0.003926943874323893,div_and_fold,growth_rate
1.0,5.0,0.005505695587259649,div_and_fold,growth_rate
1.0,6.0,-0.005132181191112923,div_and_fold,growth_rate
1.0,7.0,-0.011697402889775185,div_and_fold,growth_rate
1.0,8.0,0.002068376108590147,div_and_fold,growth_rate
1.0,9.0,0.008266956777665526,div_and_fold,growth_rate
1.0,10.0,0.0038064358875998456,div_and_fold,growth_rate
0.0,0.0,0.11840044277687203,div_and_fold,growth_rate
0.0,1.0,0.05772262597317534,div_and_fold,growth_rate
0.0,2.0,0.01915856363279146,div_and_fold,growth_rate
0.0,3.0,-0.018031139822865968,div_and_fold,growth_rate
0.0,4.0,-0.014156859287281692,div_and_fold,growth_rate
0.0,5.0,9.980631604597211e-05,div_and_fold,growth_rate
0.0,6.0,-0.01601024841416822,div_and_fold,growth_rate
0.0,7.0,-0.020681892727679535,div_and_fold,growth_rate
0.0,8.0,-0.002786161938208099,div_and_fold,growth_rate
0.0,9.0,-0.0008425146880764986,div_and_fold,growth_rate
0.0,10.0,-0.007989544831346194,div_and_fold,growth_rate
1.0,0.0,0.7848280041005212,fold_growth,div_and_fold
1.0,1.0,-0.2196848332632446,fold_growth,div_and_fold
1.0,2.0,-0.07014969665525785,fold_growth,div_and_fold
1.0,3.0,-0.05134141352153901,fold_growth,div_and_fold
1.0,4.0,-0.022760169024858026,fold_growth,div_and_fold
1.0,5.0,0.009343607834753194,fold_growth,div_and_fold
1.0,6.0,-0.008136042781454286,fold_growth,div_and_fold
1.0,7.0,0.0027567720120546743,fold_growth,div_and_fold
1.0,8.0,0.003208022017264786,fold_growth,div_and_fold
1.0,9.0,0.0040808208425747745,fold_growth,div_and_fold
1.0,10.0,-0.002313212656709384,fold_growth,div_and_fold
0.0,0.0,0.8035230501891226,fold_growth,div_and_fold
0.0,1.0,-0.22711436704268886,fold_growth,div_and_fold
0.0,2.0,-0.07325132373936777,fold_growth,div_and_fold
0.0,3.0,-0.05541819894580163,fold_growth,div_and_fold
0.0,4.0,-0.02688420657389265,fold_growth,div_and_fold
0.0,5.0,0.00613472052294453,fold_growth,div_and_fold
0.0,6.0,-0.01141155262469145,fold_growth,div_and_fold
0.0,7.0,-0.0015939726803656073,fold_growth,div_and_fold
0.0,8.0,-0.0020752838180340856,fold_growth,div_and_fold
0.0,9.0,0.0006990990662769586,fold_growth,div_and_fold
0.0,10.0,-0.007317757107141862,fold_growth,div_and_fold
1.0,0.0,1.0,fold_growth,fold_growth
1.0,1.0,-0.07325464249035749,fold_growth,fold_growth
1.0,2.0,-0.021259450647799515,fold_growth,fold_growth
1.0,3.0,-0.01113447950258869,fold_growth,fold_growth
1.0,4.0,0.011843135395549247,fold_growth,fold_growth
1.0,5.0,0.03288161241056155,fold_growth,fold_growth
1.0,6.0,0.025316220245616774,fold_growth,fold_growth
1.0,7.0,0.02279730352556003,fold_growth,fold_growth
1.0,8.0,0.02921120468680917,fold_growth,fold_growth
1.0,9.0,0.02357350171024713,fold_growth,fold_growth
1.0,10.0,0.037026221044454695,fold_growth,fold_growth
0.0,0.0,1.0,fold_growth,fold_growth
0.0,1.0,-0.12133912191839995,fold_growth,fold_growth
0.0,2.0,-0.06875293860131457,fold_growth,fold_growth
0.0,3.0,-0.058195604667517546,fold_growth,fold_growth
0.0,4.0,-0.033714759394620805,fold_growth,fold_growth
0.0,5.0,-0.011293684576452285,fold_growth,fold_growth
0.0,6.0,-0.01944334227310863,fold_growth,fold_growth
0.0,7.0,-0.022461618784962605,fold_growth,fold_growth
0.0,8.0,-0.018237406086482662,fold_growth,fold_growth
0.0,9.0,-0.023423456568094053,fold_growth,fold_growth
0.0,10.0,-0.009747099796531192,fold_growth,fold_growth
1.0,0.0,-0.33907618618683516,fold_growth,division_ratio
1.0,1.0,-0.18379336532390905,fold_growth,division_ratio
1.0,2.0,-0.08630100849591987,fold_growth,division_ratio
1.0,3.0,-0.05109879230425022,fold_growth,division_ratio
1.0,4.0,-0.05640819257713658,fold_growth,division_ratio
1.0,5.0,-0.0448735650640366,fold_growth,division_ratio
1.0,6.0,-0.04394958653399033,fold_growth,division_ratio
1.0,7.0,-0.03887444264863025,fold_growth,division_ratio
1.0,8.0,-0.04962073228825616,fold_growth,division_ratio
1.0,9.0,-0.03788835003565753,fold_growth,division_ratio
1.0,10.0,-0.07393053959213167,fold_growth,division_ratio
0.0,0.0,-0.29722106123346953,fold_growth,division_ratio
0.0,1.0,-0.12709237525893063,fold_growth,division_ratio
0.0,2.0,-0.020743367386599425,fold_growth,division_ratio
0.0,3.0,0.01810937198158491,fold_growth,division_ratio
0.0,4.0,0.01105248378492805,fold_growth,division_ratio
0.0,5.0,0.024129615666900212,fold_growth,division_ratio
0.0,6.0,0.023467208540101467,fold_growth,division_ratio
0.0,7.0,0.030719631870738527,fold_growth,division_ratio
0.0,8.0,0.021242462547591722,fold_growth,division_ratio
0.0,9.0,0.03221100931445103,fold_growth,division_ratio
0.0,10.0,-0.008091432124731,fold_growth,division_ratio
1.0,0.0,0.800197462295915,fold_growth,added_length
1.0,1.0,0.047577010776457235,fold_growth,added_length
1.0,2.0,0.047603899196004475,fold_growth,added_length
1.0,3.0,0.029129676568444687,fold_growth,added_length
1.0,4.0,0.030073752791109035,fold_growth,added_length
1.0,5.0,0.048150891997681036,fold_growth,added_length
1.0,6.0,0.03417759247342877,fold_growth,added_length
1.0,7.0,0.042575041280719074,fold_growth,added_length
1.0,8.0,0.045324754663719956,fold_growth,added_length
1.0,9.0,0.038018943727641086,fold_growth,added_length
1.0,10.0,0.04320798986469206,fold_growth,added_length
0.0,0.0,0.852917853020376,fold_growth,added_length
0.0,1.0,0.0020136631433942636,fold_growth,added_length
0.0,2.0,0.00018595726309948685,fold_growth,added_length
0.0,3.0,-0.021417507063267564,fold_growth,added_length
0.0,4.0,-0.019551419473752777,fold_growth,added_length
0.0,5.0,0.0017410514037528022,fold_growth,added_length
0.0,6.0,-0.013830709999514851,fold_growth,added_length
0.0,7.0,-0.005429708927283008,fold_growth,added_length
0.0,8.0,-0.006374169234878721,fold_growth,added_length
0.0,9.0,-0.012840081968411144,fold_growth,added_length
0.0,10.0,-0.008979756268004265,fold_growth,added_length
1.0,0.0,0.7552266452108596,fold_growth,generationtime
1.0,1.0,-0.09789705732488559,fold_growth,generationtime
1.0,2.0,-0.029589572330988585,fold_growth,generationtime
1.0,3.0,0.015466279772505772,fold_growth,generationtime
1.0,4.0,0.03830441363267537,fold_growth,generationtime
1.0,5.0,0.056038847516751644,fold_growth,generationtime
1.0,6.0,0.05653290525311223,fold_growth,generationtime
1.0,7.0,0.06869868926508287,fold_growth,generationtime
1.0,8.0,0.06456402451009183,fold_growth,generationtime
1.0,9.0,0.05685744968619885,fold_growth,generationtime
1.0,10.0,0.0626799307943581,fold_growth,generationtime
0.0,0.0,0.8171497015931336,fold_growth,generationtime
0.0,1.0,-0.18942064419709548,fold_growth,generationtime
0.0,2.0,-0.10651743949499234,fold_growth,generationtime
0.0,3.0,-0.05602271293529746,fold_growth,generationtime
0.0,4.0,-0.029231324356501255,fold_growth,generationtime
0.0,5.0,-0.007357952155336362,fold_growth,generationtime
0.0,6.0,-0.006670940583998247,fold_growth,generationtime
0.0,7.0,0.005764764898748279,fold_growth,generationtime
0.0,8.0,-0.0017866187433326639,fold_growth,generationtime
0.0,9.0,-0.008656785754275705,fold_growth,generationtime
0.0,10.0,0.0012682315926369186,fold_growth,generationtime
1.0,0.0,-0.4494068775692785,fold_growth,length_birth
1.0,1.0,0.23301178939990738,fold_growth,length_birth
1.0,2.0,0.11724327889118669,fold_growth,length_birth
1.0,3.0,0.06067538982446898,fold_growth,length_birth
1.0,4.0,0.020675300856573254,fold_growth,length_birth
1.0,5.0,0.010967531350723687,fold_growth,length_birth
1.0,6.0,0.016062741280861447,fold_growth,length_birth
1.0,7.0,0.010620232036101686,fold_growth,length_birth
1.0,8.0,0.018760763502472546,fold_growth,length_birth
1.0,9.0,0.020648734168545235,fold_growth,length_birth
1.0,10.0,0.005129191532801392,fold_growth,length_birth
0.0,0.0,-0.5424548604948203,fold_growth,length_birth
0.0,1.0,0.29890413261261845,fold_growth,length_birth
0.0,2.0,0.15095675652549367,fold_growth,length_birth
0.0,3.0,0.07962851109148095,fold_growth,length_birth
0.0,4.0,0.03023418797531478,fold_growth,length_birth
0.0,5.0,0.019907109540113408,fold_growth,length_birth
0.0,6.0,0.025914056915898077,fold_growth,length_birth
0.0,7.0,0.01621197158286544,fold_growth,length_birth
0.0,8.0,0.021577108524399705,fold_growth,length_birth
0.0,9.0,0.029867972092785904,fold_growth,length_birth
0.0,10.0,0.011138005822538447,fold_growth,length_birth
1.0,0.0,0.32400605609844435,fold_growth,length_final
1.0,1.0,0.1460956552429386,fold_growth,length_final
1.0,2.0,0.08030998000636409,fold_growth,length_final
1.0,3.0,0.04928838247024281,fold_growth,length_final
1.0,4.0,0.0313444116271537,fold_growth,length_final
1.0,5.0,0.040020881502208124,fold_growth,length_final
1.0,6.0,0.0279150115777333,fold_growth,length_final
1.0,7.0,0.04153164851992677,fold_growth,length_final
1.0,8.0,0.03666258130169636,fold_growth,length_final
1.0,9.0,0.04278628701273419,fold_growth,length_final
1.0,10.0,0.036981586144630776,fold_growth,length_final
0.0,0.0,0.37950249478257203,fold_growth,length_final
0.0,1.0,0.15149758226095195,fold_growth,length_final
0.0,2.0,0.06373785020535566,fold_growth,length_final
0.0,3.0,0.02354654432799965,fold_growth,length_final
0.0,4.0,0.0007965626736528633,fold_growth,length_final
0.0,5.0,0.012376343335202522,fold_growth,length_final
0.0,6.0,-0.0036175605412192913,fold_growth,length_final
0.0,7.0,0.010403027420555485,fold_growth,length_final
0.0,8.0,-0.003717291161537187,fold_growth,length_final
0.0,9.0,0.014011638637839139,fold_growth,length_final
0.0,10.0,0.004766284775799595,fold_growth,length_final
1.0,0.0,0.09080244533062906,fold_growth,growth_rate
1.0,1.0,0.06039230708835791,fold_growth,growth_rate
1.0,2.0,0.022186179212121387,fold_growth,growth_rate
1.0,3.0,-0.02574188465522968,fold_growth,growth_rate
1.0,4.0,-0.04400835988049809,fold_growth,growth_rate
1.0,5.0,-0.045981773736211574,fold_growth,growth_rate
1.0,6.0,-0.05698882792849735,fold_growth,growth_rate
1.0,7.0,-0.07208782104550328,fold_growth,growth_rate
1.0,8.0,-0.0585366642190638,fold_growth,growth_rate
1.0,9.0,-0.044420977013366225,fold_growth,growth_rate
1.0,10.0,-0.03460409335117838,fold_growth,growth_rate
0.0,0.0,0.16527616268068812,fold_growth,growth_rate
0.0,1.0,0.12288091387059114,fold_growth,growth_rate
0.0,2.0,0.0698683336514293,fold_growth,growth_rate
0.0,3.0,0.013412755133406533,fold_growth,growth_rate
0.0,4.0,-0.009350143454342293,fold_growth,growth_rate
0.0,5.0,-0.011836750031088387,fold_growth,growth_rate
0.0,6.0,-0.028131282135948902,fold_growth,growth_rate
0.0,7.0,-0.04546029685762822,fold_growth,growth_rate
0.0,8.0,-0.027601628273634073,fold_growth,growth_rate
0.0,9.0,-0.012650025120818654,fold_growth,growth_rate
0.0,10.0,-0.0039694309020786665,fold_growth,growth_rate
1.0,0.0,0.1753832390927512,division_ratio,div_and_fold
1.0,1.0,-0.024925012328885346,division_ratio,div_and_fold
1.0,2.0,-0.036763571137054696,division_ratio,div_and_fold
1.0,3.0,0.021003272177436194,division_ratio,div_and_fold
1.0,4.0,-0.019869972233360175,division_ratio,div_and_fold
1.0,5.0,-0.020206247960305988,division_ratio,div_and_fold
1.0,6.0,-0.002616513032578752,division_ratio,div_and_fold
1.0,7.0,0.0007500675802785332,division_ratio,div_and_fold
1.0,8.0,0.01404134273923691,division_ratio,div_and_fold
1.0,9.0,-0.0019944258136308964,division_ratio,div_and_fold
1.0,10.0,-0.013654131018595451,division_ratio,div_and_fold
0.0,0.0,0.18458209892369373,division_ratio,div_and_fold
0.0,1.0,-0.029394512259270134,division_ratio,div_and_fold
0.0,2.0,-0.0417338031000253,division_ratio,div_and_fold
0.0,3.0,0.02052694996636001,division_ratio,div_and_fold
0.0,4.0,-0.02392680585338935,division_ratio,div_and_fold
0.0,5.0,-0.022858062713205837,division_ratio,div_and_fold
0.0,6.0,-0.00670787464707168,division_ratio,div_and_fold
0.0,7.0,-0.0035770877176482057,division_ratio,div_and_fold
0.0,8.0,0.009276947990870673,division_ratio,div_and_fold
0.0,9.0,-0.004592568981303788,division_ratio,div_and_fold
0.0,10.0,-0.014767316450984247,division_ratio,div_and_fold
1.0,0.0,-0.33907618618683516,division_ratio,fold_growth
1.0,1.0,-0.1490962258439107,division_ratio,fold_growth
1.0,2.0,-0.120326336393461,division_ratio,fold_growth
1.0,3.0,-0.05984803914175371,division_ratio,fold_growth
1.0,4.0,-0.05937771065673708,division_ratio,fold_growth
1.0,5.0,-0.07392146850227381,division_ratio,fold_growth
1.0,6.0,-0.057016448197833844,division_ratio,fold_growth
1.0,7.0,-0.045563692581315374,division_ratio,fold_growth
1.0,8.0,-0.046482185447002444,division_ratio,fold_growth
1.0,9.0,-0.04649300543881,division_ratio,fold_growth
1.0,10.0,-0.06120258402046823,division_ratio,fold_growth
0.0,0.0,-0.29722106123346953,division_ratio,fold_growth
0.0,1.0,-0.0848578390107317,division_ratio,fold_growth
0.0,2.0,-0.052996778686189114,division_ratio,fold_growth
0.0,3.0,0.012434236950874733,division_ratio,fold_growth
0.0,4.0,0.012576032527523005,division_ratio,fold_growth
0.0,5.0,-0.0014219415554657464,division_ratio,fold_growth
0.0,6.0,0.01477466352497613,division_ratio,fold_growth
0.0,7.0,0.027125581694243336,division_ratio,fold_growth
0.0,8.0,0.02483550998674421,division_ratio,fold_growth
0.0,9.0,0.02601494613744001,division_ratio,fold_growth
0.0,10.0,0.010495768152070243,division_ratio,fold_growth
1.0,0.0,1.0,division_ratio,division_ratio
1.0,1.0,0.22628813008356571,division_ratio,division_ratio
1.0,2.0,0.14717147349859142,division_ratio,division_ratio
1.0,3.0,0.14198883588799913,division_ratio,division_ratio
1.0,4.0,0.08633901112674124,division_ratio,division_ratio
1.0,5.0,0.10590598540337019,division_ratio,division_ratio
1.0,6.0,0.09741144254097292,division_ratio,division_ratio
1.0,7.0,0.09033836734003353,division_ratio,division_ratio
1.0,8.0,0.08990292020186627,division_ratio,division_ratio
1.0,9.0,0.08332297850201749,division_ratio,division_ratio
1.0,10.0,0.07775164649074573,division_ratio,division_ratio
0.0,0.0,1.0,division_ratio,division_ratio
0.0,1.0,0.10725806166169194,division_ratio,division_ratio
0.0,2.0,0.017816380007038935,division_ratio,division_ratio
0.0,3.0,0.012276586197581412,division_ratio,division_ratio
0.0,4.0,-0.05112531606562391,division_ratio,division_ratio
0.0,5.0,-0.028755662493201745,division_ratio,division_ratio
0.0,6.0,-0.037907106850109895,division_ratio,division_ratio
0.0,7.0,-0.0449209584764322,division_ratio,division_ratio
0.0,8.0,-0.04401350811403008,division_ratio,division_ratio
0.0,9.0,-0.0485035571813771,division_ratio,division_ratio
0.0,10.0,-0.051691142462320296,division_ratio,division_ratio
1.0,0.0,-0.1715250390695911,division_ratio,added_length
1.0,1.0,-0.07129044797515209,division_ratio,added_length
1.0,2.0,-0.07635076952036078,division_ratio,added_length
1.0,3.0,-0.04709983831614905,division_ratio,added_length
1.0,4.0,-0.04832667721018677,division_ratio,added_length
1.0,5.0,-0.06651224617449017,division_ratio,added_length
1.0,6.0,-0.05313558030267722,division_ratio,added_length
1.0,7.0,-0.04705902696043413,division_ratio,added_length
1.0,8.0,-0.05006961695731342,division_ratio,added_length
1.0,9.0,-0.04556488213167184,division_ratio,added_length
1.0,10.0,-0.05862505411776223,division_ratio,added_length
0.0,0.0,-0.12821969541277162,division_ratio,added_length
0.0,1.0,-0.008198231822678911,division_ratio,added_length
0.0,2.0,-0.014703793139775033,division_ratio,added_length
0.0,3.0,0.017717177698081996,division_ratio,added_length
0.0,4.0,0.01476982678552504,division_ratio,added_length
0.0,5.0,-0.003531555290349574,division_ratio,added_length
0.0,6.0,0.009910542843682637,division_ratio,added_length
0.0,7.0,0.015332264512547775,division_ratio,added_length
0.0,8.0,0.010658993550695118,division_ratio,added_length
0.0,9.0,0.01778176510375477,division_ratio,added_length
0.0,10.0,0.0015181715755057765,division_ratio,added_length
1.0,0.0,-0.22709818198796172,division_ratio,generationtime
1.0,1.0,-0.09313548096144302,division_ratio,generationtime
1.0,2.0,-0.09214631105092931,division_ratio,generationtime
1.0,3.0,-0.07499506628117678,division_ratio,generationtime
1.0,4.0,-0.09089634850959849,division_ratio,generationtime
1.0,5.0,-0.11078170542124213,division_ratio,generationtime
1.0,6.0,-0.10534116663832543,division_ratio,generationtime
1.0,7.0,-0.10325839653941649,division_ratio,generationtime
1.0,8.0,-0.11394402700156922,division_ratio,generationtime
1.0,9.0,-0.10062753436869261,division_ratio,generationtime
1.0,10.0,-0.09114390189006358,division_ratio,generationtime
0.0,0.0,-0.1613158796187122,division_ratio,generationtime
0.0,1.0,0.008047553055818158,division_ratio,generationtime
0.0,2.0,0.007685245167092316,division_ratio,generationtime
0.0,3.0,0.031568116491748836,division_ratio,generationtime
0.0,4.0,0.015573199884334135,division_ratio,generationtime
0.0,5.0,-0.008883621731318682,division_ratio,generationtime
0.0,6.0,-0.0033086477198426218,division_ratio,generationtime
0.0,7.0,-0.001783678502600288,division_ratio,generationtime
0.0,8.0,-0.016713741751867968,division_ratio,generationtime
0.0,9.0,0.001988528985595064,division_ratio,generationtime
0.0,10.0,0.009867885924137393,division_ratio,generationtime
1.0,0.0,0.32561465706788123,division_ratio,length_birth
1.0,1.0,0.13259064841375717,division_ratio,length_birth
1.0,2.0,0.08763510389131707,division_ratio,length_birth
1.0,3.0,0.057909844493474055,division_ratio,length_birth
1.0,4.0,0.041572291264135544,division_ratio,length_birth
1.0,5.0,0.03167735056819151,division_ratio,length_birth
1.0,6.0,0.01630327589777156,division_ratio,length_birth
1.0,7.0,0.015912402255408936,division_ratio,length_birth
1.0,8.0,0.015980126997713767,division_ratio,length_birth
1.0,9.0,0.020709818446748934,division_ratio,length_birth
1.0,10.0,0.016982620461603825,division_ratio,length_birth
0.0,0.0,0.39416206148257965,division_ratio,length_birth
0.0,1.0,0.14089878848574874,division_ratio,length_birth
0.0,2.0,0.0767652131020821,division_ratio,length_birth
0.0,3.0,0.03672840000147514,division_ratio,length_birth
0.0,4.0,0.011323654855738625,division_ratio,length_birth
0.0,5.0,-0.0007447109064105297,division_ratio,length_birth
0.0,6.0,-0.02216149228138094,division_ratio,length_birth
0.0,7.0,-0.024434746092533946,division_ratio,length_birth
0.0,8.0,-0.021998328500433248,division_ratio,length_birth
0.0,9.0,-0.018022052635630326,division_ratio,length_birth
0.0,10.0,-0.018832222879555823,division_ratio,length_birth
1.0,0.0,0.05667711293584434,division_ratio,length_final
1.0,1.0,0.026419434735362332,division_ratio,length_final
1.0,2.0,-0.014263528569189828,division_ratio,length_final
1.0,3.0,-0.0017865604423504579,division_ratio,length_final
1.0,4.0,-0.012633608624704966,division_ratio,length_final
1.0,5.0,-0.03379236147080295,division_ratio,length_final
1.0,6.0,-0.024252050955923605,division_ratio,length_final
1.0,7.0,-0.023899418949549577,division_ratio,length_final
1.0,8.0,-0.017443368746077242,division_ratio,length_final
1.0,9.0,-0.0251847085705681,division_ratio,length_final
1.0,10.0,-0.03564371598594655,division_ratio,length_final
0.0,0.0,0.12084613902436861,division_ratio,length_final
0.0,1.0,0.08083574334295972,division_ratio,length_final
0.0,2.0,0.02498197955789657,division_ratio,length_final
0.0,3.0,0.03748065243658763,division_ratio,length_final
0.0,4.0,0.0195762867658147,division_ratio,length_final
0.0,5.0,-0.004394662118625758,division_ratio,length_final
0.0,6.0,0.0019086618146362017,division_ratio,length_final
0.0,7.0,0.0007739053441441681,division_ratio,length_final
0.0,8.0,0.010983145132805322,division_ratio,length_final
0.0,9.0,0.001426106918833535,division_ratio,length_final
0.0,10.0,-0.009149248868567677,division_ratio,length_final
1.0,0.0,-0.06769469697310532,division_ratio,growth_rate
1.0,1.0,-0.040119807716552935,division_ratio,growth_rate
1.0,2.0,-0.022008295642099978,division_ratio,growth_rate
1.0,3.0,0.010107763085910921,division_ratio,growth_rate
1.0,4.0,0.05867539605103987,division_ratio,growth_rate
1.0,5.0,0.08580810712259447,division_ratio,growth_rate
1.0,6.0,0.08777105746819651,division_ratio,growth_rate
1.0,7.0,0.11920384637229392,division_ratio,growth_rate
1.0,8.0,0.11734058326522137,division_ratio,growth_rate
1.0,9.0,0.08551771102763461,division_ratio,growth_rate
1.0,10.0,0.07454561186482431,division_ratio,growth_rate
0.0,0.0,-0.17891227604182697,division_ratio,growth_rate
0.0,1.0,-0.14192071113368104,division_ratio,growth_rate
0.0,2.0,-0.11482626504925053,division_ratio,growth_rate
0.0,3.0,-0.07634978691311016,division_ratio,growth_rate
0.0,4.0,-0.014383154991482894,division_ratio,growth_rate
0.0,5.0,0.02526023342196911,division_ratio,growth_rate
0.0,6.0,0.028807683206351565,division_ratio,growth_rate
0.0,7.0,0.0733071711956151,division_ratio,growth_rate
0.0,8.0,0.07050024097781325,division_ratio,growth_rate
0.0,9.0,0.029211779176786294,division_ratio,growth_rate
0.0,10.0,0.016847212418537337,division_ratio,growth_rate
1.0,0.0,0.6997224825490264,added_length,div_and_fold
1.0,1.0,-0.3759946264072291,added_length,div_and_fold
1.0,2.0,-0.1470361146190041,added_length,div_and_fold
1.0,3.0,-0.08741775139377524,added_length,div_and_fold
1.0,4.0,-0.04139310887930425,added_length,div_and_fold
1.0,5.0,-0.004802189810915612,added_length,div_and_fold
1.0,6.0,-0.017123067153492332,added_length,div_and_fold
1.0,7.0,-0.0005648569947048687,added_length,div_and_fold
1.0,8.0,-0.01102324937027369,added_length,div_and_fold
1.0,9.0,-0.002212038163750828,added_length,div_and_fold
1.0,10.0,0.00349671195368543,added_length,div_and_fold
0.0,0.0,0.7696433636841005,added_length,div_and_fold
0.0,1.0,-0.4128654499275572,added_length,div_and_fold
0.0,2.0,-0.16096813939787558,added_length,div_and_fold
0.0,3.0,-0.09635907979013834,added_length,div_and_fold
0.0,4.0,-0.04400986667933455,added_length,div_and_fold
0.0,5.0,-0.005134756436652962,added_length,div_and_fold
0.0,6.0,-0.01563195753614625,added_length,div_and_fold
0.0,7.0,-3.736834161725777e-05,added_length,div_and_fold
0.0,8.0,-0.009391968368750284,added_length,div_and_fold
0.0,9.0,-0.0017698501586280294,added_length,div_and_fold
0.0,10.0,-3.895945471447557e-05,added_length,div_and_fold
1.0,0.0,0.800197462295915,added_length,fold_growth
1.0,1.0,-0.23395557978119627,added_length,fold_growth
1.0,2.0,-0.09087250717903946,added_length,fold_growth
1.0,3.0,-0.0436482268633179,added_length,fold_growth
1.0,4.0,0.0025236661587794084,added_length,fold_growth
1.0,5.0,0.025695351617999115,added_length,fold_growth
1.0,6.0,0.026508348839156738,added_length,fold_growth
1.0,7.0,0.03694049060876903,added_length,fold_growth
1.0,8.0,0.03651499434902852,added_length,fold_growth
1.0,9.0,0.033472844107613434,added_length,fold_growth
1.0,10.0,0.04185404488516611,added_length,fold_growth
0.0,0.0,0.852917853020376,added_length,fold_growth
0.0,1.0,-0.31423109145380396,added_length,fold_growth
0.0,2.0,-0.1542145070214261,added_length,fold_growth
0.0,3.0,-0.10036483916074423,added_length,fold_growth
0.0,4.0,-0.049122150541958544,added_length,fold_growth
0.0,5.0,-0.02249616413871876,added_length,fold_growth
0.0,6.0,-0.02316439733000453,added_length,fold_growth
0.0,7.0,-0.013483104175099056,added_length,fold_growth
0.0,8.0,-0.015138601174498945,added_length,fold_growth
0.0,9.0,-0.01689060868850094,added_length,fold_growth
0.0,10.0,-0.008119141882346463,added_length,fold_growth
1.0,0.0,-0.1715250390695911,added_length,division_ratio
1.0,1.0,-0.15044113197151854,added_length,division_ratio
1.0,2.0,-0.06780723108447771,added_length,division_ratio
1.0,3.0,-0.04755814896956693,added_length,division_ratio
1.0,4.0,-0.06059642421566311,added_length,division_ratio
1.0,5.0,-0.04778101948684021,added_length,division_ratio
1.0,6.0,-0.0550630815934297,added_length,division_ratio
1.0,7.0,-0.0637765116269894,added_length,division_ratio
1.0,8.0,-0.06684463733976093,added_length,division_ratio
1.0,9.0,-0.05563502461772264,added_length,division_ratio
1.0,10.0,-0.07752656413785626,added_length,division_ratio
0.0,0.0,-0.12821969541277162,added_length,division_ratio
0.0,1.0,-0.0995952726114964,added_length,division_ratio
0.0,2.0,-0.003004117541596714,added_length,division_ratio
0.0,3.0,0.02312794202785342,added_length,division_ratio
0.0,4.0,0.01003460073602596,added_length,division_ratio
0.0,5.0,0.026036843419020395,added_length,division_ratio
0.0,6.0,0.0178618901695377,added_length,division_ratio
0.0,7.0,0.010329636739335391,added_length,division_ratio
0.0,8.0,0.0038293596372695328,added_length,division_ratio
0.0,9.0,0.016433146038515433,added_length,division_ratio
0.0,10.0,-0.010688908737169663,added_length,division_ratio
1.0,0.0,1.0,added_length,added_length
1.0,1.0,0.14881003965764245,added_length,added_length
1.0,2.0,0.1582419789863021,added_length,added_length
1.0,3.0,0.14082267805269522,added_length,added_length
1.0,4.0,0.14541677724246882,added_length,added_length
1.0,5.0,0.15690879403978733,added_length,added_length
1.0,6.0,0.1500971115963561,added_length,added_length
1.0,7.0,0.15998697609163576,added_length,added_length
1.0,8.0,0.15162151997627482,added_length,added_length
1.0,9.0,0.1484371352723384,added_length,added_length
1.0,10.0,0.15775638301926642,added_length,added_length
0.0,0.0,1.0,added_length,added_length
0.0,1.0,-0.03970439216527871,added_length,added_length
0.0,2.0,-0.02850673474792186,added_length,added_length
0.0,3.0,-0.047752371767618616,added_length,added_length
0.0,4.0,-0.04120937528717117,added_length,added_length
0.0,5.0,-0.026661529903472134,added_length,added_length
0.0,6.0,-0.03516774274870147,added_length,added_length
0.0,7.0,-0.024193359444396184,added_length,added_length
0.0,8.0,-0.035249818537651946,added_length,added_length
0.0,9.0,-0.035643591835662854,added_length,added_length
0.0,10.0,-0.02547909734260211,added_length,added_length
1.0,0.0,0.630759371989751,added_length,generationtime
1.0,1.0,-0.18281662306712265,added_length,generationtime
1.0,2.0,-0.02879700105189984,added_length,generationtime
1.0,3.0,0.040618065717844466,added_length,generationtime
1.0,4.0,0.08010153268942082,added_length,generationtime
1.0,5.0,0.09264386622671124,added_length,generationtime
1.0,6.0,0.09747493887736818,added_length,generationtime
1.0,7.0,0.10871959940817864,added_length,generationtime
1.0,8.0,0.10011686310955702,added_length,generationtime
1.0,9.0,0.09228601332170884,added_length,generationtime
1.0,10.0,0.09871501694923884,added_length,generationtime
0.0,0.0,0.6838347730869753,added_length,generationtime
0.0,1.0,-0.3581854480610547,added_length,generationtime
0.0,2.0,-0.16123230468280692,added_length,generationtime
0.0,3.0,-0.0724982371875237,added_length,generationtime
0.0,4.0,-0.024756763884564874,added_length,generationtime
0.0,5.0,-0.00807771289700922,added_length,generationtime
0.0,6.0,-0.002778840938610684,added_length,generationtime
0.0,7.0,0.006558254563365192,added_length,generationtime
0.0,8.0,-0.004687527628728065,added_length,generationtime
0.0,9.0,-0.01125740335193263,added_length,generationtime
0.0,10.0,-0.001992299402438961,added_length,generationtime
1.0,0.0,0.10071115982202711,added_length,length_birth
1.0,1.0,0.671908727718722,added_length,length_birth
1.0,2.0,0.40469897460938864,added_length,length_birth
1.0,3.0,0.2942483775892198,added_length,length_birth
1.0,4.0,0.22651497463274026,added_length,length_birth
1.0,5.0,0.20498351792881217,added_length,length_birth
1.0,6.0,0.19232868602788866,added_length,length_birth
1.0,7.0,0.17899571277270124,added_length,length_birth
1.0,8.0,0.18415154306080742,added_length,length_birth
1.0,9.0,0.17641416377440752,added_length,length_birth
1.0,10.0,0.16281631613022796,added_length,length_birth
0.0,0.0,-0.12019702844900443,added_length,length_birth
0.0,1.0,0.6251930027412621,added_length,length_birth
0.0,2.0,0.2710969513834211,added_length,length_birth
0.0,3.0,0.12553122213270704,added_length,length_birth
0.0,4.0,0.0336809690143459,added_length,length_birth
0.0,5.0,0.006361794018944978,added_length,length_birth
0.0,6.0,-0.007653571065634043,added_length,length_birth
0.0,7.0,-0.02427164780880043,added_length,length_birth
0.0,8.0,-0.01546453325523977,added_length,length_birth
0.0,9.0,-0.023880603487127026,added_length,length_birth
0.0,10.0,-0.04007476385172884,added_length,length_birth
1.0,0.0,0.7950541737975861,added_length,length_final
1.0,1.0,0.4837380780540043,added_length,length_final
1.0,2.0,0.34615524003968984,added_length,length_final
1.0,3.0,0.27291532169675264,added_length,length_final
1.0,4.0,0.242095704281086,added_length,length_final
1.0,5.0,0.23495368688282522,added_length,length_final
1.0,6.0,0.2217038302644813,added_length,length_final
1.0,7.0,0.22916509540472138,added_length,length_final
1.0,8.0,0.21627569171240107,added_length,length_final
1.0,9.0,0.2159093734986821,added_length,length_final
1.0,10.0,0.21430376933535997,added_length,length_final
0.0,0.0,0.7614978930250003,added_length,length_final
0.0,1.0,0.3165422434260928,added_length,length_final
0.0,2.0,0.13160088232631198,added_length,length_final
0.0,3.0,0.03164441735373394,added_length,length_final
0.0,4.0,-0.01153681560381013,added_length,length_final
0.0,5.0,-0.021447057461903226,added_length,length_final
0.0,6.0,-0.03731572254471011,added_length,length_final
0.0,7.0,-0.02676558012351644,added_length,length_final
0.0,8.0,-0.0445751130131885,added_length,length_final
0.0,9.0,-0.041586065526822036,added_length,length_final
0.0,10.0,-0.04366271578985079,added_length,length_final
1.0,0.0,0.03054597393907607,added_length,growth_rate
1.0,1.0,-0.020262365256313065,added_length,growth_rate
1.0,2.0,-0.07664507969212986,added_length,growth_rate
1.0,3.0,-0.11414623604020607,added_length,growth_rate
1.0,4.0,-0.11882488331038987,added_length,growth_rate
1.0,5.0,-0.1128757835744152,added_length,growth_rate
1.0,6.0,-0.11655505227932925,added_length,growth_rate
1.0,7.0,-0.12056669339217947,added_length,growth_rate
1.0,8.0,-0.10307098148131458,added_length,growth_rate
1.0,9.0,-0.09713591698345111,added_length,growth_rate
1.0,10.0,-0.08938370368866835,added_length,growth_rate
0.0,0.0,0.16735106017227996,added_length,growth_rate
0.0,1.0,0.09489965477796962,added_length,growth_rate
0.0,2.0,0.020168126812871636,added_length,growth_rate
0.0,3.0,-0.028977073477206797,added_length,growth_rate
0.0,4.0,-0.032422225927338275,added_length,growth_rate
0.0,5.0,-0.025283979666949126,added_length,growth_rate
0.0,6.0,-0.03368594053034503,added_length,growth_rate
0.0,7.0,-0.03328687884910703,added_length,growth_rate
0.0,8.0,-0.011247416630047937,added_length,growth_rate
0.0,9.0,-0.007768213000193596,added_length,growth_rate
0.0,10.0,0.001390887591002851,added_length,growth_rate
1.0,0.0,0.5967474453129988,generationtime,div_and_fold
1.0,1.0,-0.13522404487318124,generationtime,div_and_fold
1.0,2.0,-0.04043965113673663,generationtime,div_and_fold
1.0,3.0,-0.031355371979941614,generationtime,div_and_fold
1.0,4.0,-0.022104268810801655,generationtime,div_and_fold
1.0,5.0,-0.0011924899608056732,generationtime,div_and_fold
1.0,6.0,-0.005860733326337957,generationtime,div_and_fold
1.0,7.0,-0.01691937033194378,generationtime,div_and_fold
1.0,8.0,-0.002890305452869503,generationtime,div_and_fold
1.0,9.0,0.000878085690963015,generationtime,div_and_fold
1.0,10.0,-0.0026904615566413085,generationtime,div_and_fold
0.0,0.0,0.6937964825047677,generationtime,div_and_fold
0.0,1.0,-0.1592859105214583,generationtime,div_and_fold
0.0,2.0,-0.04311918626363718,generationtime,div_and_fold
0.0,3.0,-0.03350952779452125,generationtime,div_and_fold
0.0,4.0,-0.022734532389563328,generationtime,div_and_fold
0.0,5.0,0.0012484009767263584,generationtime,div_and_fold
0.0,6.0,-0.004252352480011278,generationtime,div_and_fold
0.0,7.0,-0.017459909821299524,generationtime,div_and_fold
0.0,8.0,-0.006807375710369781,generationtime,div_and_fold
0.0,9.0,-0.0002092064160717823,generationtime,div_and_fold
0.0,10.0,-0.006842707945024233,generationtime,div_and_fold
1.0,0.0,0.7552266452108596,generationtime,fold_growth
1.0,1.0,-0.03969134129290431,generationtime,fold_growth
1.0,2.0,0.019256655834377644,generationtime,fold_growth
1.0,3.0,0.03364446743195955,generationtime,fold_growth
1.0,4.0,0.04609789736347538,generationtime,fold_growth
1.0,5.0,0.06444375948503417,generationtime,fold_growth
1.0,6.0,0.05864651533980936,generationtime,fold_growth
1.0,7.0,0.04159426864504329,generationtime,fold_growth
1.0,8.0,0.0601539030312109,generationtime,fold_growth
1.0,9.0,0.06374857974422299,generationtime,fold_growth
1.0,10.0,0.07756278804801413,generationtime,fold_growth
0.0,0.0,0.8171497015931336,generationtime,fold_growth
0.0,1.0,-0.12328542766099473,generationtime,fold_growth
0.0,2.0,-0.05418077666934249,generationtime,fold_growth
0.0,3.0,-0.03831122280225028,generationtime,fold_growth
0.0,4.0,-0.021892448275730173,generationtime,fold_growth
0.0,5.0,0.0005740661567426395,generationtime,fold_growth
0.0,6.0,-0.006158477063593634,generationtime,fold_growth
0.0,7.0,-0.02754167503513819,generationtime,fold_growth
0.0,8.0,-0.01162220010390547,generationtime,fold_growth
0.0,9.0,-0.008201243799038001,generationtime,fold_growth
0.0,10.0,0.009000131051955343,generationtime,fold_growth
1.0,0.0,-0.22709818198796172,generationtime,division_ratio
1.0,1.0,-0.10041965154140552,generationtime,division_ratio
1.0,2.0,-0.09094059494849721,generationtime,division_ratio
1.0,3.0,-0.08476773169614138,generationtime,division_ratio
1.0,4.0,-0.10331011004047422,generationtime,division_ratio
1.0,5.0,-0.08904472517795736,generationtime,division_ratio
1.0,6.0,-0.09394732764836528,generationtime,division_ratio
1.0,7.0,-0.09540901372046229,generationtime,division_ratio
1.0,8.0,-0.10195701290076481,generationtime,division_ratio
1.0,9.0,-0.09454241840250155,generationtime,division_ratio
1.0,10.0,-0.12628620641187543,generationtime,division_ratio
0.0,0.0,-0.1613158796187122,generationtime,division_ratio
0.0,1.0,-0.001096558571375493,generationtime,division_ratio
0.0,2.0,0.008310842207317927,generationtime,division_ratio
0.0,3.0,0.017673375832583608,generationtime,division_ratio
0.0,4.0,-0.006593912821521306,generationtime,division_ratio
0.0,5.0,0.007804857596108379,generationtime,division_ratio
0.0,6.0,0.0034308119361521725,generationtime,division_ratio
0.0,7.0,0.0073503754148546265,generationtime,division_ratio
0.0,8.0,-0.0023659132656314655,generationtime,division_ratio
0.0,9.0,0.004909159025989141,generationtime,division_ratio
0.0,10.0,-0.03450033858881233,generationtime,division_ratio
1.0,0.0,0.630759371989751,generationtime,added_length
1.0,1.0,0.08741624970290185,generationtime,added_length
1.0,2.0,0.10024430466432405,generationtime,added_length
1.0,3.0,0.09597709184339512,generationtime,added_length
1.0,4.0,0.0982773970202286,generationtime,added_length
1.0,5.0,0.11049388029733258,generationtime,added_length
1.0,6.0,0.10794532011155512,generationtime,added_length
1.0,7.0,0.09316464331492555,generationtime,added_length
1.0,8.0,0.10466958596966697,generationtime,added_length
1.0,9.0,0.10013830680991917,generationtime,added_length
1.0,10.0,0.11283829938464028,generationtime,added_length
0.0,0.0,0.6838347730869753,generationtime,added_length
0.0,1.0,-0.014867033244396564,generationtime,added_length
0.0,2.0,0.002403701238588694,generationtime,added_length
0.0,3.0,-0.005787001376675534,generationtime,added_length
0.0,4.0,-0.0002634832601672646,generationtime,added_length
0.0,5.0,0.01584757047947701,generationtime,added_length
0.0,6.0,0.013296857961451473,generationtime,added_length
0.0,7.0,-0.005102561774254945,generationtime,added_length
0.0,8.0,0.0018395241350179744,generationtime,added_length
0.0,9.0,-0.0037387489626034714,generationtime,added_length
0.0,10.0,0.007448260292093131,generationtime,added_length
1.0,0.0,1.0,generationtime,generationtime
1.0,1.0,0.1776373649191646,generationtime,generationtime
1.0,2.0,0.21117624500227242,generationtime,generationtime
1.0,3.0,0.23228489503361285,generationtime,generationtime
1.0,4.0,0.233923390145932,generationtime,generationtime
1.0,5.0,0.24135588181817183,generationtime,generationtime
1.0,6.0,0.23148641335558004,generationtime,generationtime
1.0,7.0,0.2244294306684109,generationtime,generationtime
1.0,8.0,0.22177079158002488,generationtime,generationtime
1.0,9.0,0.21435112385175317,generationtime,generationtime
1.0,10.0,0.23039977792135108,generationtime,generationtime
0.0,0.0,1.0,generationtime,generationtime
0.0,1.0,-0.09771587559150553,generationtime,generationtime
0.0,2.0,-0.05067169573998495,generationtime,generationtime
0.0,3.0,-0.022907950995405803,generationtime,generationtime
0.0,4.0,-0.01804774740455881,generationtime,generationtime
0.0,5.0,-0.0070331107864190275,generationtime,generationtime
0.0,6.0,-0.017047942425405246,generationtime,generationtime
0.0,7.0,-0.02718462731239771,generationtime,generationtime
0.0,8.0,-0.03315881760611304,generationtime,generationtime
0.0,9.0,-0.0415454688809384,generationtime,generationtime
0.0,10.0,-0.016805123256836706,generationtime,generationtime
1.0,0.0,-0.30924280157777906,generationtime,length_birth
1.0,1.0,0.23111559820425662,generationtime,length_birth
1.0,2.0,0.1322587408497994,generationtime,length_birth
1.0,3.0,0.08996400565209804,generationtime,length_birth
1.0,4.0,0.059500461981867876,generationtime,length_birth
1.0,5.0,0.05918685665907228,generationtime,length_birth
1.0,6.0,0.06430880002429457,generationtime,length_birth
1.0,7.0,0.06029034314878472,generationtime,length_birth
1.0,8.0,0.05135767172731858,generationtime,length_birth
1.0,9.0,0.05275232799734718,generationtime,length_birth
1.0,10.0,0.03982941985144893,generationtime,length_birth
0.0,0.0,-0.4768218463384952,generationtime,length_birth
0.0,1.0,0.271253246743162,generationtime,length_birth
0.0,2.0,0.13044184468138403,generationtime,length_birth
0.0,3.0,0.07190197906406631,generationtime,length_birth
0.0,4.0,0.03190899406851795,generationtime,length_birth
0.0,5.0,0.03181151975324378,generationtime,length_birth
0.0,6.0,0.04219190038303848,generationtime,length_birth
0.0,7.0,0.035235879528344644,generationtime,length_birth
0.0,8.0,0.02136866058377079,generationtime,length_birth
0.0,9.0,0.027574849374297022,generationtime,length_birth
0.0,10.0,0.002789033224371456,generationtime,length_birth
1.0,0.0,0.2850223674581574,generationtime,length_final
1.0,1.0,0.1748212701656658,generationtime,length_final
1.0,2.0,0.13295406011091737,generationtime,length_final
1.0,3.0,0.12017648503381037,generationtime,length_final
1.0,4.0,0.10864021667457406,generationtime,length_final
1.0,5.0,0.11615987456019072,generationtime,length_final
1.0,6.0,0.1133003153493666,generationtime,length_final
1.0,7.0,0.1094032168771076,generationtime,length_final
1.0,8.0,0.1019288320572028,generationtime,length_final
1.0,9.0,0.10716259013291816,generationtime,length_final
1.0,10.0,0.1099771521618818,generationtime,length_final
0.0,0.0,0.2821597437911419,generationtime,length_final
0.0,1.0,0.11629524561292115,generationtime,length_final
0.0,2.0,0.05469570107287446,generationtime,length_final
0.0,3.0,0.033447127966492456,generationtime,length_final
0.0,4.0,0.019061080710905905,generationtime,length_final
0.0,5.0,0.03079378847394038,generationtime,length_final
0.0,6.0,0.02867484678894172,generationtime,length_final
0.0,7.0,0.02208028986662328,generationtime,length_final
0.0,8.0,0.003497678415228714,generationtime,length_final
0.0,9.0,0.018825620227164268,generationtime,length_final
0.0,10.0,0.01141654153539328,generationtime,length_final
1.0,0.0,-0.525104608653942,generationtime,growth_rate
1.0,1.0,-0.3155882289515439,generationtime,growth_rate
1.0,2.0,-0.2843296038778614,generationtime,growth_rate
1.0,3.0,-0.2982083778303054,generationtime,growth_rate
1.0,4.0,-0.2921379194623976,generationtime,growth_rate
1.0,5.0,-0.27758050693749714,generationtime,growth_rate
1.0,6.0,-0.26823190251124257,generationtime,growth_rate
1.0,7.0,-0.27699528679940294,generationtime,growth_rate
1.0,8.0,-0.26091073893751254,generationtime,growth_rate
1.0,9.0,-0.23678111204882302,generationtime,growth_rate
1.0,10.0,-0.2366640837918079,generationtime,growth_rate
0.0,0.0,-0.3485736667760878,generationtime,growth_rate
0.0,1.0,-0.039828594358924524,generationtime,growth_rate
0.0,2.0,0.005163849575417256,generationtime,growth_rate
0.0,3.0,-0.01718790215266804,generationtime,growth_rate
0.0,4.0,-0.010429433431544457,generationtime,growth_rate
0.0,5.0,0.007287546821459526,generationtime,growth_rate
0.0,6.0,0.015310355876291789,generationtime,growth_rate
0.0,7.0,0.002476974504515751,generationtime,growth_rate
0.0,8.0,0.022341015114287453,generationtime,growth_rate
0.0,9.0,0.05250693946640821,generationtime,growth_rate
0.0,10.0,0.04687018396851574,generationtime,growth_rate
1.0,0.0,-0.26244172361542745,length_birth,div_and_fold
1.0,1.0,-0.17595375219544576,length_birth,div_and_fold
1.0,2.0,-0.10802869779906342,length_birth,div_and_fold
1.0,3.0,-0.04003480657430913,length_birth,div_and_fold
1.0,4.0,-0.02862327443242997,length_birth,div_and_fold
1.0,5.0,-0.024476898504652855,length_birth,div_and_fold
1.0,6.0,-0.003667127728785244,length_birth,div_and_fold
1.0,7.0,-0.01332041143530546,length_birth,div_and_fold
1.0,8.0,-0.016943105396519224,length_birth,div_and_fold
1.0,9.0,-0.017681174512732063,length_birth,div_and_fold
1.0,10.0,-0.004563770353879859,length_birth,div_and_fold
0.0,0.0,-0.3224542490063454,length_birth,div_and_fold
0.0,1.0,-0.21854523633821785,length_birth,div_and_fold
0.0,2.0,-0.12018515568736264,length_birth,div_and_fold
0.0,3.0,-0.03869837904891011,length_birth,div_and_fold
0.0,4.0,-0.025193964970720593,length_birth,div_and_fold
0.0,5.0,-0.021002679975054235,length_birth,div_and_fold
0.0,6.0,0.005776200749390363,length_birth,div_and_fold
0.0,7.0,-0.003621160680547034,length_birth,div_and_fold
0.0,8.0,-0.0036816850722363277,length_birth,div_and_fold
0.0,9.0,-0.004782774763248077,length_birth,div_and_fold
0.0,10.0,0.0031011926758737663,length_birth,div_and_fold
1.0,0.0,-0.4494068775692785,length_birth,fold_growth
1.0,1.0,-0.20375262706633207,length_birth,fold_growth
1.0,2.0,-0.11426648020348595,length_birth,fold_growth
1.0,3.0,-0.056556708621798304,length_birth,fold_growth
1.0,4.0,-0.02294872783890031,length_birth,fold_growth
1.0,5.0,-0.0179914113177505,length_birth,fold_growth
1.0,6.0,0.0020481622417433043,length_birth,fold_growth
1.0,7.0,0.004170811797594587,length_birth,fold_growth
1.0,8.0,0.0011945059366836061,length_birth,fold_growth
1.0,9.0,0.0061574736444531385,length_birth,fold_growth
1.0,10.0,0.0004764010302470912,length_birth,fold_growth
0.0,0.0,-0.5424548604948203,length_birth,fold_growth
0.0,1.0,-0.23815868502242785,length_birth,fold_growth
0.0,2.0,-0.13050760004341366,length_birth,fold_growth
0.0,3.0,-0.05084661141473347,length_birth,fold_growth
0.0,4.0,-0.012131789827039725,length_birth,fold_growth
0.0,5.0,-0.008630497514606351,length_birth,fold_growth
0.0,6.0,0.014072989385140261,length_birth,fold_growth
0.0,7.0,0.018086363538628483,length_birth,fold_growth
0.0,8.0,0.014456424752795132,length_birth,fold_growth
0.0,9.0,0.02164071958848802,length_birth,fold_growth
0.0,10.0,0.013061603335880046,length_birth,fold_growth
1.0,0.0,0.32561465706788123,length_birth,division_ratio
1.0,1.0,0.055939846891281265,length_birth,division_ratio
1.0,2.0,0.04306619212635196,length_birth,division_ratio
1.0,3.0,0.03212143159970928,length_birth,division_ratio
1.0,4.0,0.013756182271068007,length_birth,division_ratio
1.0,5.0,0.007005398322181626,length_birth,division_ratio
1.0,6.0,-0.005921865226685304,length_birth,division_ratio
1.0,7.0,-0.01749733621903971,length_birth,division_ratio
1.0,8.0,-0.016291244195998485,length_birth,division_ratio
1.0,9.0,-0.02032011289154871,length_birth,division_ratio
1.0,10.0,-0.005850081373832051,length_birth,division_ratio
0.0,0.0,0.39416206148257965,length_birth,division_ratio
0.0,1.0,0.04646847396991814,length_birth,division_ratio
0.0,2.0,0.03222357708396193,length_birth,division_ratio
0.0,3.0,0.02048577914191031,length_birth,division_ratio
0.0,4.0,-0.0026624460301910083,length_birth,division_ratio
0.0,5.0,-0.008905272020821016,length_birth,division_ratio
0.0,6.0,-0.023276719327954033,length_birth,division_ratio
0.0,7.0,-0.03551271371273553,length_birth,division_ratio
0.0,8.0,-0.04104514528203817,length_birth,division_ratio
0.0,9.0,-0.04057186482024322,length_birth,division_ratio
0.0,10.0,-0.02423345150677321,length_birth,division_ratio
1.0,0.0,0.10071115982202711,length_birth,added_length
1.0,1.0,0.15444359692428036,length_birth,added_length
1.0,2.0,0.1530508603055336,length_birth,added_length
1.0,3.0,0.15720452539055885,length_birth,added_length
1.0,4.0,0.16939252536828514,length_birth,added_length
1.0,5.0,0.15558464801416252,length_birth,added_length
1.0,6.0,0.16560371220660863,length_birth,added_length
1.0,7.0,0.16418807685828207,length_birth,added_length
1.0,8.0,0.1581772425810353,length_birth,added_length
1.0,9.0,0.15679985585193762,length_birth,added_length
1.0,10.0,0.15805581866523205,length_birth,added_length
0.0,0.0,-0.12019702844900443,length_birth,added_length
0.0,1.0,-0.04952510388565481,length_birth,added_length
0.0,2.0,-0.052197483575423205,length_birth,added_length
0.0,3.0,-0.042022216181008015,length_birth,added_length
0.0,4.0,-0.024442079075944034,length_birth,added_length
0.0,5.0,-0.04099759956523508,length_birth,added_length
0.0,6.0,-0.029168638176292044,length_birth,added_length
0.0,7.0,-0.030157456262008282,length_birth,added_length
0.0,8.0,-0.04002007527252107,length_birth,added_length
0.0,9.0,-0.03872316423888566,length_birth,added_length
0.0,10.0,-0.03898922030214888,length_birth,added_length
1.0,0.0,-0.30924280157777906,length_birth,generationtime
1.0,1.0,-0.08194362363171111,length_birth,generationtime
1.0,2.0,-0.0021459185894904848,length_birth,generationtime
1.0,3.0,0.028854816556485897,length_birth,generationtime
1.0,4.0,0.04366187465638703,length_birth,generationtime
1.0,5.0,0.03974788011384384,length_birth,generationtime
1.0,6.0,0.04488167445834355,length_birth,generationtime
1.0,7.0,0.039541622171377536,length_birth,generationtime
1.0,8.0,0.03867299067726781,length_birth,generationtime
1.0,9.0,0.04304201805225336,length_birth,generationtime
1.0,10.0,0.04278485549390486,length_birth,generationtime
0.0,0.0,-0.4768218463384952,length_birth,generationtime
0.0,1.0,-0.16167905029536195,length_birth,generationtime
0.0,2.0,-0.059321659745913344,length_birth,generationtime
0.0,3.0,-0.008088743658856963,length_birth,generationtime
0.0,4.0,0.010084732463742195,length_birth,generationtime
0.0,5.0,0.0029838958329484445,length_birth,generationtime
0.0,6.0,0.007495222264778398,length_birth,generationtime
0.0,7.0,0.0007655812896030744,length_birth,generationtime
0.0,8.0,-0.0012011728003579847,length_birth,generationtime
0.0,9.0,0.007509939020122496,length_birth,generationtime
0.0,10.0,0.0008343584094825758,length_birth,generationtime
1.0,0.0,1.0,length_birth,length_birth
1.0,1.0,0.5944926975354419,length_birth,length_birth
1.0,2.0,0.43172852746917495,length_birth,length_birth
1.0,3.0,0.3427675344842395,length_birth,length_birth
1.0,4.0,0.3078680462042725,length_birth,length_birth
1.0,5.0,0.28028361021558895,length_birth,length_birth
1.0,6.0,0.25830089571771897,length_birth,length_birth
1.0,7.0,0.25002339229510895,length_birth,length_birth
1.0,8.0,0.2443296793734974,length_birth,length_birth
1.0,9.0,0.23103111900419157,length_birth,length_birth
1.0,10.0,0.23498484406716913,length_birth,length_birth
0.0,0.0,1.0,length_birth,length_birth
0.0,1.0,0.4020760166228785,length_birth,length_birth
0.0,2.0,0.1649451164538118,length_birth,length_birth
0.0,3.0,0.035248516177059916,length_birth,length_birth
0.0,4.0,-0.014618016431478203,length_birth,length_birth
0.0,5.0,-0.05107050623461862,length_birth,length_birth
0.0,6.0,-0.08004724099675559,length_birth,length_birth
0.0,7.0,-0.08854386349070727,length_birth,length_birth
0.0,8.0,-0.09004519941553393,length_birth,length_birth
0.0,9.0,-0.10627592800564381,length_birth,length_birth
0.0,10.0,-0.09843145587001773,length_birth,length_birth
1.0,0.0,0.6117450321032798,length_birth,length_final
1.0,1.0,0.43154665722940283,length_birth,length_final
1.0,2.0,0.3394265843271736,length_birth,length_final
1.0,3.0,0.3088550418652058,length_birth,length_final
1.0,4.0,0.29655393995516716,length_birth,length_final
1.0,5.0,0.2728571408095099,length_birth,length_final
1.0,6.0,0.2749023380970435,length_birth,length_final
1.0,7.0,0.2634095656211784,length_birth,length_final
1.0,8.0,0.26016106785478466,length_birth,length_final
1.0,9.0,0.248732975915833,length_birth,length_final
1.0,10.0,0.250492926659102,length_birth,length_final
0.0,0.0,0.43872916422177455,length_birth,length_final
0.0,1.0,0.16279923106787228,length_birth,length_final
0.0,2.0,0.023371167331052243,length_birth,length_final
0.0,3.0,-0.0244536816423966,length_birth,length_final
0.0,4.0,-0.04101678954348292,length_birth,length_final
0.0,5.0,-0.07363868954172643,length_birth,length_final
0.0,6.0,-0.07232300965395627,length_birth,length_final
0.0,7.0,-0.08520171554989357,length_birth,length_final
0.0,8.0,-0.0789239807120466,length_birth,length_final
0.0,9.0,-0.09148221025391665,length_birth,length_final
0.0,10.0,-0.09112449508759805,length_birth,length_final
1.0,0.0,-0.10080195225271649,length_birth,growth_rate
1.0,1.0,-0.14796448441920146,length_birth,growth_rate
1.0,2.0,-0.15131216799200226,length_birth,growth_rate
1.0,3.0,-0.125744904360604,length_birth,growth_rate
1.0,4.0,-0.09809624851083963,length_birth,growth_rate
1.0,5.0,-0.08724063649313589,length_birth,growth_rate
1.0,6.0,-0.06718001802439016,length_birth,growth_rate
1.0,7.0,-0.05355216463489948,length_birth,growth_rate
1.0,8.0,-0.056825112354888595,length_birth,growth_rate
1.0,9.0,-0.06253155518521164,length_birth,growth_rate
1.0,10.0,-0.07134440210637252,length_birth,growth_rate
0.0,0.0,-0.048343673797766336,length_birth,growth_rate
0.0,1.0,-0.11384693604071072,length_birth,growth_rate
0.0,2.0,-0.11397730579085284,length_birth,growth_rate
0.0,3.0,-0.07440041917258668,length_birth,growth_rate
0.0,4.0,-0.030434241361028708,length_birth,growth_rate
0.0,5.0,-0.01669540222049836,length_birth,growth_rate
0.0,6.0,0.016170045953831362,length_birth,growth_rate
0.0,7.0,0.037975859060884146,length_birth,growth_rate
0.0,8.0,0.03442351179445128,length_birth,growth_rate
0.0,9.0,0.02439171008256726,length_birth,growth_rate
0.0,10.0,0.01628989088085437,length_birth,growth_rate
1.0,0.0,0.3931082675923343,length_final,div_and_fold
1.0,1.0,-0.38636391528710945,length_final,div_and_fold
1.0,2.0,-0.18642290609532572,length_final,div_and_fold
1.0,3.0,-0.090663870467726,length_final,div_and_fold
1.0,4.0,-0.04438605074700146,length_final,div_and_fold
1.0,5.0,-0.018089597375725013,length_final,div_and_fold
1.0,6.0,-0.01907162124575844,length_final,div_and_fold
1.0,7.0,-0.009725923630399936,length_final,div_and_fold
1.0,8.0,-0.01658351404205638,length_final,div_and_fold
1.0,9.0,-0.011341021782886727,length_final,div_and_fold
1.0,10.0,0.0010574787151889976,length_final,div_and_fold
0.0,0.0,0.48451993414124905,length_final,div_and_fold
0.0,1.0,-0.4972321224378706,length_final,div_and_fold
0.0,2.0,-0.22543503665403178,length_final,div_and_fold
0.0,3.0,-0.10929680286681154,length_final,div_and_fold
0.0,4.0,-0.050058259221575876,length_final,div_and_fold
0.0,5.0,-0.020688184027751768,length_final,div_and_fold
0.0,6.0,-0.018381434694948177,length_final,div_and_fold
0.0,7.0,-0.009141424306955472,length_final,div_and_fold
0.0,8.0,-0.012764620481129635,length_final,div_and_fold
0.0,9.0,-0.0007908285549362056,length_final,div_and_fold
0.0,10.0,0.0050174363558954695,length_final,div_and_fold
1.0,0.0,0.32400605609844435,length_final,fold_growth
1.0,1.0,-0.3146963682919416,length_final,fold_growth
1.0,2.0,-0.14605832178381767,length_final,fold_growth
1.0,3.0,-0.06517863876339067,length_final,fold_growth
1.0,4.0,-0.018927675588978014,length_final,fold_growth
1.0,5.0,0.0032097473833380854,length_final,fold_growth
1.0,6.0,0.01500302892174472,length_final,fold_growth
1.0,7.0,0.025851400847586553,length_final,fold_growth
1.0,8.0,0.024738676904256955,length_final,fold_growth
1.0,9.0,0.029654373015530328,length_final,fold_growth
1.0,10.0,0.030990601430329428,length_final,fold_growth
0.0,0.0,0.37950249478257203,length_final,fold_growth
0.0,1.0,-0.4354075697622982,length_final,fold_growth
0.0,2.0,-0.2219492173526269,length_final,fold_growth
0.0,3.0,-0.11021207936542136,length_final,fold_growth
0.0,4.0,-0.05353568604727149,length_final,fold_growth
0.0,5.0,-0.027257785201566184,length_final,fold_growth
0.0,6.0,-0.012970655554664746,length_final,fold_growth
0.0,7.0,-0.0011111120088278669,length_final,fold_growth
0.0,8.0,-0.002564705384714816,length_final,fold_growth
0.0,9.0,0.00408344625904571,length_final,fold_growth
0.0,10.0,0.004722851716076066,length_final,fold_growth
1.0,0.0,0.05667711293584434,length_final,division_ratio
1.0,1.0,-0.07564818627893168,length_final,division_ratio
1.0,2.0,-0.03787642539888608,length_final,division_ratio
1.0,3.0,-0.02388743194585246,length_final,division_ratio
1.0,4.0,-0.03442395333606158,length_final,division_ratio
1.0,5.0,-0.0303522898087163,length_final,division_ratio
1.0,6.0,-0.0391786426172428,length_final,division_ratio
1.0,7.0,-0.04848320053304634,length_final,division_ratio
1.0,8.0,-0.04909578405764268,length_final,division_ratio
1.0,9.0,-0.048667483193904106,length_final,division_ratio
1.0,10.0,-0.05531652242131497,length_final,division_ratio
0.0,0.0,0.12084613902436861,length_final,division_ratio
0.0,1.0,-0.05420056030473923,length_final,division_ratio
0.0,2.0,-0.0012705727800751388,length_final,division_ratio
0.0,3.0,0.02256779763013101,length_final,division_ratio
0.0,4.0,0.0071613083359788245,length_final,division_ratio
0.0,5.0,0.01602833739888273,length_final,division_ratio
0.0,6.0,0.0060322132173320385,length_final,division_ratio
0.0,7.0,-0.004070065487661729,length_final,division_ratio
0.0,8.0,-0.009049244683148166,length_final,division_ratio
0.0,9.0,-0.005129096380370606,length_final,division_ratio
0.0,10.0,-0.017720385399203217,length_final,division_ratio
1.0,0.0,0.7950541737975861,length_final,added_length
1.0,1.0,0.19139197028761767,length_final,added_length
1.0,2.0,0.20737280782029133,length_final,added_length
1.0,3.0,0.19790790655089255,length_final,added_length
1.0,4.0,0.20783734189853129,length_final,added_length
1.0,5.0,0.20573336776477158,length_final,added_length
1.0,6.0,0.20713970650555236,length_final,added_length
1.0,7.0,0.21224734583788418,length_final,added_length
1.0,8.0,0.20281813911298607,length_final,added_length
1.0,9.0,0.20332460252671436,length_final,added_length
1.0,10.0,0.20552988007272835,length_final,added_length
0.0,0.0,0.7614978930250003,length_final,added_length
0.0,1.0,-0.07498174736819707,length_final,added_length
0.0,2.0,-0.05457673477999514,length_final,added_length
0.0,3.0,-0.06337304186784762,length_final,added_length
0.0,4.0,-0.04815873825741724,length_final,added_length
0.0,5.0,-0.0493864659378394,length_final,added_length
0.0,6.0,-0.046547011814533794,length_final,added_length
0.0,7.0,-0.03977151401480466,length_final,added_length
0.0,8.0,-0.053561444835314546,length_final,added_length
0.0,9.0,-0.048140305888555474,length_final,added_length
0.0,10.0,-0.04598990637426348,length_final,added_length
1.0,0.0,0.2850223674581574,length_final,generationtime
1.0,1.0,-0.20619029561261043,length_final,generationtime
1.0,2.0,-0.03334077447412685,length_final,generationtime
1.0,3.0,0.04821473074710042,length_final,generationtime
1.0,4.0,0.07736756439787633,length_final,generationtime
1.0,5.0,0.08615326647105856,length_final,generationtime
1.0,6.0,0.09732756849582419,length_final,generationtime
1.0,7.0,0.09590993953379968,length_final,generationtime
1.0,8.0,0.08653173037624051,length_final,generationtime
1.0,9.0,0.09622569063024945,length_final,generationtime
1.0,10.0,0.09956936875024394,length_final,generationtime
0.0,0.0,0.2821597437911419,length_final,generationtime
0.0,1.0,-0.4314593122213093,length_final,generationtime
0.0,2.0,-0.1838531755773377,length_final,generationtime
0.0,3.0,-0.05759883061194648,length_final,generationtime
0.0,4.0,-0.020345559696778148,length_final,generationtime
0.0,5.0,-0.008792227921825362,length_final,generationtime
0.0,6.0,0.007459155832467678,length_final,generationtime
0.0,7.0,0.0010583069806635358,length_final,generationtime
0.0,8.0,-0.01089841181649783,length_final,generationtime
0.0,9.0,0.005666026320957929,length_final,generationtime
0.0,10.0,0.006355389316243211,length_final,generationtime
1.0,0.0,0.6117450321032798,length_final,length_birth
1.0,1.0,0.8847414364628932,length_final,length_birth
1.0,2.0,0.5636747674704694,length_final,length_birth
1.0,3.0,0.4188599930142041,length_final,length_birth
1.0,4.0,0.343904689689564,length_final,length_birth
1.0,5.0,0.3073215945893032,length_final,length_birth
1.0,6.0,0.2888230592381115,length_final,length_birth
1.0,7.0,0.2718190367971618,length_final,length_birth
1.0,8.0,0.26387812277127765,length_final,length_birth
1.0,9.0,0.26239718625363057,length_final,length_birth
1.0,10.0,0.24882120302358002,length_final,length_birth
0.0,0.0,0.43872916422177455,length_final,length_birth
0.0,1.0,0.8417972215201426,length_final,length_birth
0.0,2.0,0.34975572607126604,length_final,length_birth
0.0,3.0,0.13061622688990362,length_final,length_birth
0.0,4.0,0.0209720336364587,length_final,length_birth
0.0,5.0,-0.02954621250113423,length_final,length_birth
0.0,6.0,-0.05465017930630871,length_final,length_birth
0.0,7.0,-0.07783578191304437,length_final,length_birth
0.0,8.0,-0.08199637804700431,length_final,length_birth
0.0,9.0,-0.08230990614819024,length_final,length_birth
0.0,10.0,-0.09858186262339222,length_final,length_birth
1.0,0.0,1.0,length_final,length_final
1.0,1.0,0.6197764252832768,length_final,length_final
1.0,2.0,0.44229817527972703,length_final,length_final
1.0,3.0,0.36722653399446126,length_final,length_final
1.0,4.0,0.3301563105964765,length_final,length_final
1.0,5.0,0.31320286648823487,length_final,length_final
1.0,6.0,0.29980462201250213,length_final,length_final
1.0,7.0,0.29840158641626013,length_final,length_final
1.0,8.0,0.28457685508861147,length_final,length_final
1.0,9.0,0.28911454500469597,length_final,length_final
1.0,10.0,0.28578270349375473,length_final,length_final
0.0,0.0,1.0,length_final,length_final
0.0,1.0,0.4039419288857712,length_final,length_final
0.0,2.0,0.12802055044938718,length_final,length_final
0.0,3.0,0.011662159721526006,length_final,length_final
0.0,4.0,-0.04152387891847711,length_final,length_final
0.0,5.0,-0.06557734081825792,length_final,length_final
0.0,6.0,-0.08523371445077049,length_final,length_final
0.0,7.0,-0.08454056269655288,length_final,length_final
0.0,8.0,-0.09773978034982167,length_final,length_final
0.0,9.0,-0.08524914953942048,length_final,length_final
0.0,10.0,-0.08990615832004835,length_final,length_final
1.0,0.0,-0.02319272186605488,length_final,growth_rate
1.0,1.0,-0.09027169501160663,length_final,growth_rate
1.0,2.0,-0.13864961809853005,length_final,growth_rate
1.0,3.0,-0.15554643283131797,length_final,growth_rate
1.0,4.0,-0.1424007563582111,length_final,growth_rate
1.0,5.0,-0.13310515620351526,length_final,growth_rate
1.0,6.0,-0.13609655465351422,length_final,growth_rate
1.0,7.0,-0.12009691820451429,length_final,growth_rate
1.0,8.0,-0.10413101184965451,length_final,growth_rate
1.0,9.0,-0.11275638655193634,length_final,growth_rate
1.0,10.0,-0.10693209067339898,length_final,growth_rate
0.0,0.0,0.12671411557105114,length_final,growth_rate
0.0,1.0,0.02235282275149776,length_final,growth_rate
0.0,2.0,-0.047445498054336725,length_final,growth_rate
0.0,3.0,-0.07073662430592377,length_final,growth_rate
0.0,4.0,-0.04673507442265375,length_final,growth_rate
0.0,5.0,-0.03162750705135877,length_final,growth_rate
0.0,6.0,-0.038683746324670136,length_final,growth_rate
0.0,7.0,-0.009210008083576686,length_final,growth_rate
0.0,8.0,0.012417398571509508,length_final,growth_rate
0.0,9.0,-0.003745379115230214,length_final,growth_rate
0.0,10.0,0.007842589080070813,length_final,growth_rate
1.0,0.0,0.09810205312033493,growth_rate,div_and_fold
1.0,1.0,-0.06994748872483658,growth_rate,div_and_fold
1.0,2.0,-0.024040600662571906,growth_rate,div_and_fold
1.0,3.0,0.004379995717141863,growth_rate,div_and_fold
1.0,4.0,0.006775153723449801,growth_rate,div_and_fold
1.0,5.0,0.011309997727568072,growth_rate,div_and_fold
1.0,6.0,-0.016565781189547376,growth_rate,div_and_fold
1.0,7.0,0.02424677385888938,growth_rate,div_and_fold
1.0,8.0,0.011464886132669652,growth_rate,div_and_fold
1.0,9.0,0.02007674452209009,growth_rate,div_and_fold
1.0,10.0,-0.001040480117027539,growth_rate,div_and_fold
0.0,0.0,0.11840044277687203,growth_rate,div_and_fold
0.0,1.0,-0.09145987578695854,growth_rate,div_and_fold
0.0,2.0,-0.04150240300995231,growth_rate,div_and_fold
0.0,3.0,-0.007823135873184976,growth_rate,div_and_fold
0.0,4.0,-0.004293950532664374,growth_rate,div_and_fold
0.0,5.0,-0.0001851619894862793,growth_rate,div_and_fold
0.0,6.0,-0.03384757762577462,growth_rate,div_and_fold
0.0,7.0,0.013919675593196882,growth_rate,div_and_fold
0.0,8.0,0.007242160948107862,growth_rate,div_and_fold
0.0,9.0,0.017150951920107675,growth_rate,div_and_fold
0.0,10.0,-0.003226395592541875,growth_rate,div_and_fold
1.0,0.0,0.09080244533062906,growth_rate,fold_growth
1.0,1.0,-0.04399815633374535,growth_rate,fold_growth
1.0,2.0,-0.04437052473850582,growth_rate,fold_growth
1.0,3.0,-0.0393435664376697,growth_rate,fold_growth
1.0,4.0,-0.04933473056044376,growth_rate,fold_growth
1.0,5.0,-0.049601191328260824,growth_rate,fold_growth
1.0,6.0,-0.07054028788881486,growth_rate,fold_growth
1.0,7.0,-0.03546652472742521,growth_rate,fold_growth
1.0,8.0,-0.05533263078550611,growth_rate,fold_growth
1.0,9.0,-0.05351327580564569,growth_rate,fold_growth
1.0,10.0,-0.06093199328420415,growth_rate,fold_growth
0.0,0.0,0.16527616268068812,growth_rate,fold_growth
0.0,1.0,-0.007615918291661724,growth_rate,fold_growth
0.0,2.0,-0.007155274783335655,growth_rate,fold_growth
0.0,3.0,0.0015575085896250376,growth_rate,fold_growth
0.0,4.0,-0.01302092192749176,growth_rate,fold_growth
0.0,5.0,-0.01467173590889546,growth_rate,fold_growth
0.0,6.0,-0.03917820120938293,growth_rate,fold_growth
0.0,7.0,0.0034270223405981418,growth_rate,fold_growth
0.0,8.0,-0.016026643737481996,growth_rate,fold_growth
0.0,9.0,-0.011449079858608567,growth_rate,fold_growth
0.0,10.0,-0.021938164849947966,growth_rate,fold_growth
1.0,0.0,-0.06769469697310532,growth_rate,division_ratio
1.0,1.0,-0.06924450999909419,growth_rate,division_ratio
1.0,2.0,0.019567600524467734,growth_rate,division_ratio
1.0,3.0,0.06001720367977345,growth_rate,division_ratio
1.0,4.0,0.08218559025951445,growth_rate,division_ratio
1.0,5.0,0.07695545232331182,growth_rate,division_ratio
1.0,6.0,0.0870723327513065,growth_rate,division_ratio
1.0,7.0,0.08635548214323467,growth_rate,division_ratio
1.0,8.0,0.10232931358851087,growth_rate,division_ratio
1.0,9.0,0.09736164000185461,growth_rate,division_ratio
1.0,10.0,0.09437195804159751,growth_rate,division_ratio
0.0,0.0,-0.17891227604182697,growth_rate,division_ratio
0.0,1.0,-0.18477688185457958,growth_rate,division_ratio
0.0,2.0,-0.06117055966032044,growth_rate,division_ratio
0.0,3.0,-0.01084562357921333,growth_rate,division_ratio
0.0,4.0,0.01955311538355012,growth_rate,division_ratio
0.0,5.0,0.015005173284516218,growth_rate,division_ratio
0.0,6.0,0.02911594534727432,growth_rate,division_ratio
0.0,7.0,0.021625250376019194,growth_rate,division_ratio
0.0,8.0,0.051898659379162035,growth_rate,division_ratio
0.0,9.0,0.04455638545756587,growth_rate,division_ratio
0.0,10.0,0.03903064395324199,growth_rate,division_ratio
1.0,0.0,0.03054597393907607,growth_rate,added_length
1.0,1.0,-0.08522981493271001,growth_rate,added_length
1.0,2.0,-0.09328306022355964,growth_rate,added_length
1.0,3.0,-0.0995712257354524,growth_rate,added_length
1.0,4.0,-0.10272831077454368,growth_rate,added_length
1.0,5.0,-0.10302315756652115,growth_rate,added_length
1.0,6.0,-0.1310955547059242,growth_rate,added_length
1.0,7.0,-0.09594550784222518,growth_rate,added_length
1.0,8.0,-0.10560357285797262,growth_rate,added_length
1.0,9.0,-0.10347214488697719,growth_rate,added_length
1.0,10.0,-0.11126550619238336,growth_rate,added_length
0.0,0.0,0.16735106017227996,growth_rate,added_length
0.0,1.0,0.009362103711039184,growth_rate,added_length
0.0,2.0,-0.004778070168063875,growth_rate,added_length
0.0,3.0,-0.009603467997562962,growth_rate,added_length
0.0,4.0,-0.016605443204990755,growth_rate,added_length
0.0,5.0,-0.018281975710471736,growth_rate,added_length
0.0,6.0,-0.05588734449511415,growth_rate,added_length
0.0,7.0,-0.012929863688144813,growth_rate,added_length
0.0,8.0,-0.020849233856756712,growth_rate,added_length
0.0,9.0,-0.014709646283098208,growth_rate,added_length
0.0,10.0,-0.019963113764690177,growth_rate,added_length
1.0,0.0,-0.525104608653942,growth_rate,generationtime
1.0,1.0,-0.40321129058387534,growth_rate,generationtime
1.0,2.0,-0.3471120883784978,growth_rate,generationtime
1.0,3.0,-0.31727788588716804,growth_rate,generationtime
1.0,4.0,-0.301254210242983,growth_rate,generationtime
1.0,5.0,-0.28589726763446055,growth_rate,generationtime
1.0,6.0,-0.2829164290266745,growth_rate,generationtime
1.0,7.0,-0.24898651764563573,growth_rate,generationtime
1.0,8.0,-0.2555279183885638,growth_rate,generationtime
1.0,9.0,-0.24742229276941272,growth_rate,generationtime
1.0,10.0,-0.2482173589560779,growth_rate,generationtime
0.0,0.0,-0.3485736667760878,growth_rate,generationtime
0.0,1.0,-0.1602483583413575,growth_rate,generationtime
0.0,2.0,-0.0795871682574775,growth_rate,generationtime
0.0,3.0,-0.036143149912790336,growth_rate,generationtime
0.0,4.0,-0.017816128788502698,growth_rate,generationtime
0.0,5.0,0.0009017821563526603,growth_rate,generationtime
0.0,6.0,0.0030124841012156654,growth_rate,generationtime
0.0,7.0,0.04929131703832376,growth_rate,generationtime
0.0,8.0,0.0382651555425408,growth_rate,generationtime
0.0,9.0,0.04772858108728161,growth_rate,generationtime
0.0,10.0,0.04417456913058299,growth_rate,generationtime
1.0,0.0,-0.10080195225271649,growth_rate,length_birth
1.0,1.0,-0.05409428626361846,growth_rate,length_birth
1.0,2.0,-0.0627027862557542,growth_rate,length_birth
1.0,3.0,-0.07157557204518257,growth_rate,length_birth
1.0,4.0,-0.06470926822377188,growth_rate,length_birth
1.0,5.0,-0.07094208030621245,growth_rate,length_birth
1.0,6.0,-0.07229458678423457,growth_rate,length_birth
1.0,7.0,-0.08266603369538603,growth_rate,length_birth
1.0,8.0,-0.060700268141829966,growth_rate,length_birth
1.0,9.0,-0.06197138837469894,growth_rate,length_birth
1.0,10.0,-0.06518490973110715,growth_rate,length_birth
0.0,0.0,-0.048343673797766336,growth_rate,length_birth
0.0,1.0,0.02556870447983316,growth_rate,length_birth
0.0,2.0,0.009240694656260817,growth_rate,length_birth
0.0,3.0,-0.0042540129410376,growth_rate,length_birth
0.0,4.0,0.001515752295597274,growth_rate,length_birth
0.0,5.0,-0.009817234051420137,growth_rate,length_birth
0.0,6.0,-0.015845058691907003,growth_rate,length_birth
0.0,7.0,-0.0319961855251392,growth_rate,length_birth
0.0,8.0,-0.003543479719988846,growth_rate,length_birth
0.0,9.0,-0.0017158768424398749,growth_rate,length_birth
0.0,10.0,0.0020272171412277214,growth_rate,length_birth
1.0,0.0,-0.02319272186605488,growth_rate,length_final
1.0,1.0,-0.08604262483258265,growth_rate,length_final
1.0,2.0,-0.10362868965771305,growth_rate,length_final
1.0,3.0,-0.11113694390257789,growth_rate,length_final
1.0,4.0,-0.1149385974683841,growth_rate,length_final
1.0,5.0,-0.12043022101461952,growth_rate,length_final
1.0,6.0,-0.14070013338200482,growth_rate,length_final
1.0,7.0,-0.11719642637708681,growth_rate,length_final
1.0,8.0,-0.11358953339869933,growth_rate,length_final
1.0,9.0,-0.11074841847903226,growth_rate,length_final
1.0,10.0,-0.11955431843944976,growth_rate,length_final
0.0,0.0,0.12671411557105114,growth_rate,length_final
0.0,1.0,0.033333328715731095,growth_rate,length_final
0.0,2.0,0.0031433346095495343,growth_rate,length_final
0.0,3.0,-0.006209077523926991,growth_rate,length_final
0.0,4.0,-0.014185958168927254,growth_rate,length_final
0.0,5.0,-0.02562607198379058,growth_rate,length_final
0.0,6.0,-0.05914589546747875,growth_rate,length_final
0.0,7.0,-0.028229861252066436,growth_rate,length_final
0.0,8.0,-0.021635341298432004,growth_rate,length_final
0.0,9.0,-0.012814101268632319,growth_rate,length_final
0.0,10.0,-0.01410985821003517,growth_rate,length_final
1.0,0.0,1.0,growth_rate,growth_rate
1.0,1.0,0.5468546738165144,growth_rate,growth_rate
1.0,2.0,0.4463924022695937,growth_rate,growth_rate
1.0,3.0,0.4004197870132168,growth_rate,growth_rate
1.0,4.0,0.3699438199828732,growth_rate,growth_rate
1.0,5.0,0.3446311324942724,growth_rate,growth_rate
1.0,6.0,0.3192253296405176,growth_rate,growth_rate
1.0,7.0,0.31601083001446445,growth_rate,growth_rate
1.0,8.0,0.30418630325916207,growth_rate,growth_rate
1.0,9.0,0.28221787116077857,growth_rate,growth_rate
1.0,10.0,0.2838979393805806,growth_rate,growth_rate
0.0,0.0,1.0,growth_rate,growth_rate
0.0,1.0,0.26958655886844735,growth_rate,growth_rate
0.0,2.0,0.10658247803218626,growth_rate,growth_rate
0.0,3.0,0.038241099320923205,growth_rate,growth_rate
0.0,4.0,-0.0037087887047295453,growth_rate,growth_rate
0.0,5.0,-0.036309587613830074,growth_rate,growth_rate
0.0,6.0,-0.07212160368640906,growth_rate,growth_rate
0.0,7.0,-0.06973238763865784,growth_rate,growth_rate
0.0,8.0,-0.08227200659257335,growth_rate,growth_rate
0.0,9.0,-0.10925394678081833,growth_rate,growth_rate
0.0,10.0,-0.10088795088655227,growth_rate,growth_rate
