value,type,lineage_ID
0,outsider,1
197,end,1
215,end,1
229,end,1
244,end,1
257,end,1
270,end,1
185,end,1
281,end,1
313,end,1
338,end,1
361,end,1
371,end,1
382,end,1
400,end,1
298,end,1
415,end,1
173,end,1
143,end,1
855,start,1
870,start,1
885,start,1
895,start,1
909,start,1
8,end,1
158,end,1
23,end,1
51,end,1
65,end,1
82,end,1
97,end,1
112,end,1
127,end,1
38,end,1
431,end,1
446,end,1
462,end,1
732,end,1
746,end,1
770,end,1
783,end,1
796,end,1
818,end,1
717,end,1
826,end,1
854,end,1
869,end,1
884,end,1
894,end,1
908,end,1
921,end,1
841,end,1
705,end,1
690,end,1
677,end,1
473,end,1
487,end,1
498,end,1
516,end,1
532,end,1
547,end,1
563,end,1
575,end,1
587,end,1
599,end,1
616,end,1
627,end,1
641,end,1
652,end,1
666,end,1
842,start,1
827,start,1
352,end,1
797,start,1
83,start,1
98,start,1
113,start,1
128,start,1
144,start,1
159,start,1
66,start,1
174,start,1
198,start,1
216,start,1
230,start,1
245,start,1
258,start,1
271,start,1
186,start,1
52,start,1
39,start,1
24,start,1
314,outsider,1
339,outsider,1
353,outsider,1
667,outsider,1
819,start,1
747,outsider,1
8,outsider,1
338,outsider,1
352,outsider,1
361,outsider,1
677,outsider,1
717,outsider,1
770,outsider,1
0,start,1
9,start,1
282,start,1
299,start,1
706,outsider,1
339,start,1
600,start,1
617,start,1
628,start,1
642,start,1
653,start,1
667,start,1
588,start,1
678,start,1
706,start,1
718,start,1
733,start,1
771,start,1
784,start,1
314,start,1
691,start,1
576,start,1
747,start,1
548,start,1
564,start,1
362,start,1
383,start,1
401,start,1
416,start,1
432,start,1
372,start,1
463,start,1
533,start,1
447,start,1
517,start,1
353,start,1
488,start,1
474,start,1
499,start,1
428,end,2
252,end,2
266,end,2
281,end,2
293,end,2
306,end,2
321,end,2
349,end,2
377,end,2
409,end,2
445,end,2
236,end,2
338,end,2
360,end,2
139,end,2
213,end,2
201,end,2
186,end,2
166,end,2
153,end,2
124,end,2
109,end,2
93,end,2
76,end,2
58,end,2
42,end,2
457,end,2
28,end,2
222,end,2
470,end,2
695,end,2
497,end,2
13,end,2
874,end,2
863,end,2
848,end,2
832,end,2
823,end,2
808,end,2
797,end,2
780,end,2
767,end,2
753,end,2
741,end,2
722,end,2
481,end,2
711,end,2
662,end,2
650,end,2
638,end,2
626,end,2
612,end,2
598,end,2
587,end,2
572,end,2
562,end,2
549,end,2
535,end,2
521,end,2
510,end,2
677,end,2
864,start,2
394,end,2
833,start,2
378,start,2
361,start,2
350,start,2
339,start,2
322,start,2
307,start,2
294,start,2
282,start,2
267,start,2
253,start,2
237,start,2
223,start,2
214,start,2
202,start,2
167,start,2
154,start,2
140,start,2
125,start,2
110,start,2
94,start,2
77,start,2
59,start,2
43,start,2
29,start,2
14,start,2
0,start,2
13,outsider,2
0,outsider,2
849,start,2
395,start,2
410,start,2
187,start,2
446,start,2
429,start,2
824,start,2
809,start,2
798,start,2
781,start,2
768,start,2
754,start,2
742,start,2
723,start,2
696,start,2
678,start,2
663,start,2
651,start,2
639,start,2
627,start,2
712,start,2
613,start,2
471,start,2
482,start,2
498,start,2
511,start,2
522,start,2
536,start,2
458,start,2
563,start,2
573,start,2
588,start,2
599,start,2
550,start,2
218,end,3
237,end,3
246,end,3
258,end,3
270,end,3
283,end,3
296,end,3
340,end,3
326,end,3
352,end,3
366,end,3
378,end,3
393,end,3
409,end,3
312,end,3
205,end,3
870,start,3
176,end,3
861,start,3
423,end,3
887,start,3
12,end,3
27,end,3
38,end,3
191,end,3
54,end,3
89,end,3
107,end,3
120,end,3
135,end,3
150,end,3
165,end,3
72,end,3
436,end,3
849,end,3
460,end,3
718,end,3
734,end,3
745,end,3
764,end,3
776,end,3
791,end,3
705,end,3
807,end,3
830,end,3
850,start,3
860,end,3
869,end,3
886,end,3
900,end,3
818,end,3
691,end,3
674,end,3
667,end,3
475,end,3
488,end,3
505,end,3
517,end,3
533,end,3
547,end,3
559,end,3
573,end,3
588,end,3
598,end,3
614,end,3
628,end,3
639,end,3
648,end,3
659,end,3
449,end,3
831,start,3
777,start,3
808,start,3
121,start,3
136,start,3
151,start,3
166,start,3
177,start,3
192,start,3
108,start,3
206,start,3
238,start,3
247,start,3
259,start,3
271,start,3
284,start,3
297,start,3
219,start,3
313,start,3
90,start,3
55,start,3
0,outsider,3
219,outsider,3
238,outsider,3
660,outsider,3
668,outsider,3
819,start,3
73,start,3
237,outsider,3
667,outsider,3
674,outsider,3
0,start,3
13,start,3
28,start,3
39,start,3
246,outsider,3
327,start,3
12,outsider,3
353,start,3
615,start,3
629,start,3
640,start,3
649,start,3
660,start,3
668,start,3
599,start,3
675,start,3
706,start,3
719,start,3
735,start,3
765,start,3
792,start,3
341,start,3
692,start,3
589,start,3
746,start,3
560,start,3
574,start,3
379,start,3
410,start,3
424,start,3
437,start,3
450,start,3
394,start,3
476,start,3
548,start,3
461,start,3
534,start,3
367,start,3
518,start,3
506,start,3
489,start,3
199,end,4
338,end,4
321,end,4
284,end,4
275,end,4
265,end,4
252,end,4
239,end,4
224,end,4
211,end,4
353,end,4
303,end,4
104,end,4
171,end,4
158,end,4
145,end,4
133,end,4
117,end,4
90,end,4
72,end,4
56,end,4
39,end,4
24,end,4
8,end,4
367,end,4
186,end,4
382,end,4
648,end,4
409,end,4
784,start,4
794,end,4
783,end,4
772,end,4
761,end,4
749,end,4
733,end,4
721,end,4
708,end,4
697,end,4
681,end,4
667,end,4
394,end,4
628,end,4
596,end,4
582,end,4
563,end,4
548,end,4
531,end,4
513,end,4
497,end,4
484,end,4
473,end,4
457,end,4
440,end,4
423,end,4
610,end,4
773,start,4
668,start,4
750,start,4
285,start,4
276,start,4
266,start,4
253,start,4
240,start,4
225,start,4
212,start,4
200,start,4
187,start,4
172,start,4
159,start,4
134,start,4
118,start,4
105,start,4
91,start,4
73,start,4
57,start,4
40,start,4
25,start,4
9,start,4
0,start,4
772,outsider,4
8,outsider,4
762,outsider,4
0,outsider,4
304,start,4
322,start,4
146,start,4
354,start,4
339,start,4
722,start,4
709,start,4
698,start,4
682,start,4
762,start,4
649,start,4
629,start,4
611,start,4
597,start,4
583,start,4
564,start,4
549,start,4
734,start,4
410,start,4
514,start,4
498,start,4
485,start,4
474,start,4
458,start,4
441,start,4
424,start,4
532,start,4
395,start,4
383,start,4
368,start,4
287,end,5
398,end,5
259,end,5
275,end,5
300,end,5
385,end,5
329,end,5
345,end,5
360,end,5
372,end,5
241,end,5
313,end,5
223,end,5
143,end,5
199,end,5
185,end,5
170,end,5
157,end,5
129,end,5
111,end,5
94,end,5
79,end,5
66,end,5
53,end,5
40,end,5
210,end,5
410,end,5
802,end,5
440,end,5
24,end,5
786,end,5
773,end,5
763,end,5
747,end,5
730,end,5
719,end,5
705,end,5
693,end,5
681,end,5
664,end,5
649,end,5
428,end,5
635,end,5
607,end,5
596,end,5
583,end,5
566,end,5
552,end,5
538,end,5
524,end,5
512,end,5
498,end,5
483,end,5
471,end,5
455,end,5
624,end,5
11,end,5
787,start,5
0,outsider,5
346,start,5
330,start,5
314,start,5
301,start,5
288,start,5
276,start,5
260,start,5
242,start,5
224,start,5
211,start,5
200,start,5
171,start,5
361,start,5
158,start,5
130,start,5
112,start,5
95,start,5
80,start,5
67,start,5
54,start,5
41,start,5
25,start,5
12,start,5
0,start,5
11,outsider,5
774,start,5
144,start,5
373,start,5
186,start,5
399,start,5
386,start,5
748,start,5
731,start,5
720,start,5
706,start,5
694,start,5
682,start,5
665,start,5
650,start,5
636,start,5
625,start,5
608,start,5
597,start,5
764,start,5
567,start,5
584,start,5
429,start,5
441,start,5
456,start,5
472,start,5
484,start,5
411,start,5
513,start,5
525,start,5
539,start,5
553,start,5
499,start,5
224,end,6
236,end,6
249,end,6
363,end,6
265,end,6
302,end,6
289,end,6
320,end,6
333,end,6
348,end,6
203,end,6
272,end,6
185,end,6
105,end,6
157,end,6
149,end,6
133,end,6
120,end,6
92,end,6
84,end,6
58,end,6
43,end,6
30,end,6
791,end,6
15,end,6
377,end,6
174,end,6
392,end,6
779,start,6
420,end,6
778,end,6
769,end,6
747,end,6
733,end,6
719,end,6
706,end,6
699,end,6
683,end,6
667,end,6
655,end,6
645,end,6
631,end,6
406,end,6
620,end,6
598,end,6
585,end,6
573,end,6
560,end,6
546,end,6
526,end,6
513,end,6
501,end,6
486,end,6
466,end,6
451,end,6
436,end,6
609,end,6
770,start,6
707,start,6
734,start,6
290,start,6
273,start,6
266,start,6
250,start,6
237,start,6
225,start,6
204,start,6
186,start,6
175,start,6
158,start,6
134,start,6
121,start,6
106,start,6
93,start,6
85,start,6
59,start,6
44,start,6
31,start,6
16,start,6
0,start,6
84,outsider,6
15,outsider,6
59,outsider,6
0,outsider,6
748,start,6
303,start,6
321,start,6
150,start,6
349,start,6
720,start,6
334,start,6
700,start,6
684,start,6
668,start,6
656,start,6
646,start,6
632,start,6
621,start,6
599,start,6
586,start,6
574,start,6
561,start,6
610,start,6
527,start,6
364,start,6
547,start,6
393,start,6
407,start,6
421,start,6
437,start,6
378,start,6
467,start,6
487,start,6
502,start,6
514,start,6
452,start,6
230,end,7
244,end,7
257,end,7
269,end,7
284,end,7
314,end,7
328,end,7
341,end,7
353,end,7
217,end,7
302,end,7
202,end,7
6,end,7
173,end,7
163,end,7
151,end,7
140,end,7
126,end,7
111,end,7
96,end,7
78,end,7
63,end,7
53,end,7
27,end,7
366,end,7
188,end,7
376,end,7
789,end,7
405,end,7
775,start,7
774,end,7
762,end,7
748,end,7
733,end,7
716,end,7
696,end,7
675,end,7
666,end,7
652,end,7
638,end,7
618,end,7
391,end,7
607,end,7
579,end,7
561,end,7
548,end,7
535,end,7
524,end,7
508,end,7
491,end,7
479,end,7
465,end,7
451,end,7
431,end,7
418,end,7
590,end,7
763,start,7
697,start,7
734,start,7
285,start,7
270,start,7
258,start,7
245,start,7
231,start,7
218,start,7
203,start,7
189,start,7
174,start,7
164,start,7
152,start,7
141,start,7
127,start,7
112,start,7
97,start,7
79,start,7
64,start,7
54,start,7
28,start,7
7,start,7
0,start,7
53,outsider,7
6,outsider,7
749,start,7
0,outsider,7
303,start,7
315,start,7
28,outsider,7
342,start,7
329,start,7
676,start,7
667,start,7
653,start,7
639,start,7
619,start,7
608,start,7
591,start,7
580,start,7
562,start,7
549,start,7
536,start,7
717,start,7
509,start,7
525,start,7
367,start,7
377,start,7
392,start,7
406,start,7
354,start,7
432,start,7
452,start,7
466,start,7
480,start,7
492,start,7
419,start,7
213,end,8
355,end,8
340,end,8
324,end,8
307,end,8
294,end,8
264,end,8
248,end,8
233,end,8
368,end,8
123,end,8
181,end,8
167,end,8
154,end,8
138,end,8
105,end,8
88,end,8
74,end,8
59,end,8
44,end,8
24,end,8
384,end,8
195,end,8
399,end,8
608,end,8
430,end,8
761,start,8
781,end,8
760,end,8
743,end,8
732,end,8
713,end,8
696,end,8
683,end,8
669,end,8
649,end,8
634,end,8
618,end,8
594,end,8
579,end,8
564,end,8
551,end,8
538,end,8
526,end,8
509,end,8
491,end,8
472,end,8
459,end,8
440,end,8
413,end,8
744,start,8
282,end,8
714,start,8
308,start,8
295,start,8
283,start,8
265,start,8
249,start,8
234,start,8
214,start,8
196,start,8
182,start,8
168,start,8
155,start,8
124,start,8
106,start,8
89,start,8
75,start,8
60,start,8
45,start,8
25,start,8
0,start,8
491,outsider,8
24,outsider,8
473,outsider,8
0,outsider,8
325,start,8
341,start,8
139,start,8
369,start,8
356,start,8
697,start,8
684,start,8
670,start,8
650,start,8
635,start,8
619,start,8
595,start,8
580,start,8
565,start,8
552,start,8
539,start,8
609,start,8
527,start,8
510,start,8
492,start,8
473,start,8
460,start,8
733,start,8
441,start,8
431,start,8
414,start,8
400,start,8
385,start,8
245,end,9
260,end,9
272,end,9
284,end,9
297,end,9
376,end,9
331,end,9
342,end,9
361,end,9
391,end,9
230,end,9
316,end,9
215,end,9
31,end,9
186,end,9
174,end,9
156,end,9
142,end,9
126,end,9
112,end,9
97,end,9
82,end,9
56,end,9
42,end,9
19,end,9
408,end,9
202,end,9
421,end,9
788,end,9
447,end,9
836,end,9
819,end,9
805,end,9
5,end,9
770,end,9
758,end,9
746,end,9
729,end,9
715,end,9
704,end,9
688,end,9
674,end,9
660,end,9
651,end,9
638,end,9
624,end,9
610,end,9
596,end,9
581,end,9
565,end,9
548,end,9
533,end,9
520,end,9
506,end,9
494,end,9
480,end,9
461,end,9
436,end,9
820,start,9
72,end,9
789,start,9
332,start,9
317,start,9
298,start,9
285,start,9
273,start,9
261,start,9
246,start,9
231,start,9
216,start,9
203,start,9
187,start,9
175,start,9
143,start,9
127,start,9
113,start,9
98,start,9
83,start,9
73,start,9
57,start,9
43,start,9
32,start,9
20,start,9
6,start,9
0,start,9
5,outsider,9
0,outsider,9
806,start,9
343,start,9
362,start,9
157,start,9
392,start,9
771,start,9
377,start,9
759,start,9
747,start,9
730,start,9
716,start,9
705,start,9
689,start,9
661,start,9
652,start,9
639,start,9
625,start,9
611,start,9
597,start,9
675,start,9
582,start,9
409,start,9
422,start,9
437,start,9
448,start,9
462,start,9
495,start,9
481,start,9
521,start,9
534,start,9
549,start,9
566,start,9
507,start,9
232,end,10
274,end,10
218,end,10
250,end,10
262,end,10
286,end,10
360,end,10
313,end,10
328,end,10
347,end,10
385,end,10
373,end,10
203,end,10
300,end,10
191,end,10
7,end,10
163,end,10
148,end,10
132,end,10
117,end,10
101,end,10
88,end,10
75,end,10
63,end,10
51,end,10
37,end,10
23,end,10
858,start,10
847,start,10
399,end,10
178,end,10
412,end,10
846,end,10
437,end,10
825,start,10
870,end,10
857,end,10
824,end,10
811,end,10
800,end,10
788,end,10
776,end,10
761,end,10
744,end,10
727,end,10
714,end,10
699,end,10
686,end,10
426,end,10
671,end,10
644,end,10
626,end,10
615,end,10
604,end,10
587,end,10
569,end,10
556,end,10
540,end,10
526,end,10
509,end,10
495,end,10
482,end,10
470,end,10
450,end,10
655,end,10
812,start,10
777,start,10
789,start,10
287,start,10
275,start,10
263,start,10
251,start,10
233,start,10
219,start,10
204,start,10
192,start,10
179,start,10
164,start,10
149,start,10
133,start,10
118,start,10
102,start,10
301,start,10
89,start,10
64,start,10
52,start,10
38,start,10
24,start,10
8,start,10
0,start,10
846,outsider,10
470,outsider,10
7,outsider,10
825,outsider,10
451,outsider,10
400,outsider,10
0,outsider,10
801,start,10
76,start,10
314,start,10
412,outsider,10
348,start,10
329,start,10
762,start,10
745,start,10
715,start,10
700,start,10
687,start,10
672,start,10
656,start,10
645,start,10
627,start,10
616,start,10
605,start,10
588,start,10
570,start,10
728,start,10
541,start,10
557,start,10
374,start,10
400,start,10
413,start,10
427,start,10
438,start,10
386,start,10
471,start,10
527,start,10
451,start,10
510,start,10
361,start,10
496,start,10
483,start,10
166,end,11
294,end,11
279,end,11
254,end,11
240,end,11
320,end,11
222,end,11
207,end,11
192,end,11
181,end,11
306,end,11
269,end,11
69,end,11
134,end,11
119,end,11
104,end,11
83,end,11
55,end,11
41,end,11
25,end,11
791,end,11
7,end,11
337,end,11
779,start,11
147,end,11
351,end,11
594,end,11
384,end,11
759,start,11
778,end,11
758,end,11
740,end,11
724,end,11
704,end,11
684,end,11
664,end,11
648,end,11
636,end,11
620,end,11
605,end,11
580,end,11
562,end,11
545,end,11
532,end,11
516,end,11
502,end,11
488,end,11
476,end,11
459,end,11
446,end,11
430,end,11
414,end,11
400,end,11
375,end,11
741,start,11
649,start,11
705,start,11
255,start,11
241,start,11
223,start,11
208,start,11
193,start,11
182,start,11
167,start,11
148,start,11
135,start,11
120,start,11
105,start,11
270,start,11
70,start,11
42,start,11
26,start,11
8,start,11
0,start,11
384,outsider,11
375,outsider,11
7,outsider,11
376,outsider,11
352,outsider,11
0,outsider,11
725,start,11
56,start,11
280,start,11
84,start,11
307,start,11
685,start,11
295,start,11
665,start,11
637,start,11
621,start,11
606,start,11
595,start,11
581,start,11
546,start,11
533,start,11
517,start,11
503,start,11
563,start,11
385,start,11
477,start,11
460,start,11
447,start,11
431,start,11
415,start,11
401,start,11
321,start,11
376,start,11
352,start,11
489,start,11
338,start,11
264,end,12
380,end,12
251,end,12
278,end,12
295,end,12
369,end,12
325,end,12
338,end,12
352,end,12
235,end,12
307,end,12
218,end,12
46,end,12
191,end,12
181,end,12
165,end,12
149,end,12
408.0,rises,12
125,end,12
109,end,12
94,end,12
79,end,12
59,end,12
33,end,12
392,end,12
205,end,12
404,end,12
410.0,rises,12
438,end,12
16,end,12
409.0,rises,12
776,end,12
761,end,12
752,end,12
741,end,12
727,end,12
710,end,12
698,end,12
684,end,12
670,end,12
653,end,12
419,end,12
636,end,12
605,end,12
588,end,12
574,end,12
565,end,12
554,end,12
538,end,12
524,end,12
509,end,12
498,end,12
488,end,12
468,end,12
452,end,12
619,end,12
5,end,12
139,end,12
753,start,12
308,start,12
296,start,12
279,start,12
265,start,12
252,start,12
236,start,12
219,start,12
206,start,12
192,start,12
182,start,12
166,start,12
140,start,12
126,start,12
110,start,12
95,start,12
80,start,12
60,start,12
47,start,12
34,start,12
17,start,12
6,start,12
0,start,12
5,outsider,12
0,outsider,12
762,start,12
326,start,12
339,start,12
150,start,12
370,start,12
353,start,12
742,start,12
728,start,12
711,start,12
699,start,12
685,start,12
671,start,12
654,start,12
620,start,12
606,start,12
589,start,12
575,start,12
566,start,12
637,start,12
393,start,12
381,start,12
555,start,12
405,start,12
420,start,12
439,start,12
469,start,12
453,start,12
499,start,12
510,start,12
525,start,12
539,start,12
489,start,12
304,end,13
261,end,13
273,end,13
291,end,13
317,end,13
415,end,13
351,end,13
367,end,13
379,end,13
396,end,13
240,end,13
335,end,13
219,end,13
7,end,13
190,end,13
177,end,13
162,end,13
148,end,13
134,end,13
120,end,13
100,end,13
84,end,13
70,end,13
55,end,13
39,end,13
22,end,13
427,end,13
206,end,13
443,end,13
861,end,13
469,end,13
879,end,13
862,start,13
839,end,13
826,end,13
816,end,13
807,end,13
779,end,13
766,end,13
751,end,13
739,end,13
722,end,13
712,end,13
697,end,13
456,end,13
685,end,13
655,end,13
643,end,13
628,end,13
613,end,13
597,end,13
583,end,13
569,end,13
554,end,13
539,end,13
531,end,13
515,end,13
502,end,13
484,end,13
669,end,13
827,start,13
840,start,13
808,start,13
318,start,13
305,start,13
292,start,13
274,start,13
262,start,13
241,start,13
220,start,13
207,start,13
191,start,13
178,start,13
163,start,13
149,start,13
135,start,13
336,start,13
121,start,13
85,start,13
71,start,13
56,start,13
40,start,13
23,start,13
8,start,13
0,start,13
807,outsider,13
539,outsider,13
7,outsider,13
780,outsider,13
817,start,13
0,outsider,13
101,start,13
352,start,13
532,outsider,13
380,start,13
780,start,13
767,start,13
752,start,13
740,start,13
723,start,13
713,start,13
698,start,13
368,start,13
670,start,13
656,start,13
644,start,13
629,start,13
614,start,13
598,start,13
686,start,13
570,start,13
584,start,13
397,start,13
416,start,13
428,start,13
457,start,13
470,start,13
444,start,13
503,start,13
516,start,13
532,start,13
540,start,13
555,start,13
485,start,13
251,end,14
205,end,14
220,end,14
233,end,14
268,end,14
368,end,14
293,end,14
314,end,14
321,end,14
335,end,14
360,end,14
281,end,14
188,end,14
846,end,14
157,end,14
137,end,14
125,end,14
108,end,14
95,end,14
83,end,14
63,end,14
46,end,14
29,end,14
13,end,14
834,start,14
823,start,14
382,end,14
170,end,14
399,end,14
630,end,14
431,end,14
791,start,14
833,end,14
822,end,14
806,end,14
790,end,14
778,end,14
762,end,14
747,end,14
733,end,14
721,end,14
710,end,14
689,end,14
674,end,14
660,end,14
646,end,14
615,end,14
601,end,14
588,end,14
572,end,14
558,end,14
540,end,14
529,end,14
512,end,14
491,end,14
478,end,14
465,end,14
449,end,14
415,end,14
779,start,14
807,start,14
748,start,14
252,start,14
234,start,14
221,start,14
206,start,14
189,start,14
171,start,14
158,start,14
138,start,14
126,start,14
109,start,14
96,start,14
84,start,14
64,start,14
47,start,14
30,start,14
14,start,14
0,start,14
368,outsider,14
360,outsider,14
321,outsider,14
314,outsider,14
13,outsider,14
336,outsider,14
315,outsider,14
294,outsider,14
0,outsider,14
763,start,14
269,start,14
282,start,14
361,outsider,14
315,start,14
294,start,14
734,start,14
722,start,14
711,start,14
675,start,14
661,start,14
647,start,14
631,start,14
616,start,14
602,start,14
589,start,14
573,start,14
559,start,14
541,start,14
690,start,14
513,start,14
336,start,14
530,start,14
361,start,14
383,start,14
400,start,14
369,start,14
432,start,14
492,start,14
479,start,14
416,start,14
466,start,14
322,start,14
450,start,14
290,end,15
272,end,15
309,end,15
243,end,15
230,end,15
216,end,15
199,end,15
322,end,15
180,end,15
253,end,15
89,end,15
150,end,15
119,end,15
102,end,15
73,end,15
61,end,15
36,end,15
23,end,15
716,start,15
335,end,15
699,start,15
165,end,15
352,end,15
574,end,15
380,end,15
684,start,15
727,end,15
715,end,15
698,end,15
683,end,15
670,end,15
654,end,15
641,end,15
630,end,15
609,end,15
591,end,15
556,end,15
542,end,15
532,end,15
518,end,15
501,end,15
485,end,15
472,end,15
457,end,15
440,end,15
426,end,15
410,end,15
391,end,15
362,end,15
671,start,15
132,end,15
642,start,15
217,start,15
200,start,15
181,start,15
166,start,15
151,start,15
133,start,15
120,start,15
103,start,15
90,start,15
74,start,15
231,start,15
62,start,15
24,start,15
0,start,15
641,outsider,15
630,outsider,15
609,outsider,15
631,outsider,15
610,outsider,15
592,outsider,15
0,outsider,15
655,start,15
37,start,15
244,start,15
23,outsider,15
273,start,15
631,start,15
254,start,15
610,start,15
592,start,15
557,start,15
543,start,15
533,start,15
519,start,15
502,start,15
486,start,15
473,start,15
575,start,15
441,start,15
458,start,15
323,start,15
353,start,15
291,start,15
336,start,15
381,start,15
392,start,15
411,start,15
427,start,15
363,start,15
310,start,15
305,end,16
396,end,16
318,end,16
339,end,16
349,end,16
363,end,16
374,end,16
385,end,16
450,end,16
421,end,16
436,end,16
464,end,16
479,end,16
492,end,16
505,end,16
290,end,16
520,end,16
409,end,16
275,end,16
116,end,16
247,end,16
534,end,16
1161,start,16
6,end,16
21,end,16
37,end,16
55,end,16
71,end,16
86,end,16
262,end,16
101,end,16
146,end,16
158,end,16
169,end,16
179,end,16
198,end,16
213,end,16
224,end,16
235,end,16
130,end,16
550,end,16
913,end,16
580,end,16
896,end,16
951,end,16
957,end,16
972,end,16
983,end,16
998,end,16
1014,end,16
1027,end,16
878,end,16
1042,end,16
1077,end,16
1094,end,16
1111,end,16
1125,end,16
1144,end,16
1160,end,16
1181,end,16
1145,start,16
1059,end,16
565,end,16
868,end,16
842,end,16
592,end,16
604,end,16
620,end,16
636,end,16
654,end,16
673,end,16
690,end,16
702,end,16
854,end,16
712,end,16
742,end,16
755,end,16
766,end,16
783,end,16
795,end,16
805,end,16
818,end,16
829,end,16
726,end,16
1126,start,16
131,start,16
1095,start,16
236,start,16
248,start,16
263,start,16
276,start,16
291,start,16
306,start,16
319,start,16
340,start,16
350,start,16
364,start,16
375,start,16
386,start,16
397,start,16
410,start,16
422,start,16
437,start,16
451,start,16
225,start,16
214,start,16
199,start,16
180,start,16
0,outsider,16
914,outsider,16
952,outsider,16
6,outsider,16
951,outsider,16
957,outsider,16
0,start,16
22,start,16
465,start,16
38,start,16
72,start,16
87,start,16
102,start,16
117,start,16
1112,start,16
147,start,16
159,start,16
170,start,16
56,start,16
480,start,16
7,start,16
506,start,16
830,start,16
843,start,16
855,start,16
869,start,16
879,start,16
897,start,16
914,start,16
952,start,16
958,start,16
973,start,16
984,start,16
999,start,16
1028,start,16
1043,start,16
1060,start,16
1078,start,16
493,start,16
819,start,16
806,start,16
1015,start,16
784,start,16
796,start,16
535,start,16
551,start,16
521,start,16
581,start,16
593,start,16
605,start,16
621,start,16
637,start,16
566,start,16
674,start,16
691,start,16
703,start,16
713,start,16
727,start,16
743,start,16
756,start,16
655,start,16
767,start,16
268,end,17
281,end,17
294,end,17
308,end,17
322,end,17
336,end,17
392,end,17
363,end,17
378,end,17
404,end,17
420,end,17
431,end,17
444,end,17
352,end,17
258,end,17
128,end,17
229,end,17
16,end,17
461,end,17
30,end,17
41,end,17
64,end,17
76,end,17
241,end,17
91,end,17
143,end,17
160,end,17
174,end,17
190,end,17
208,end,17
218,end,17
104,end,17
475,end,17
782,end,17
504,end,17
796,end,17
812,end,17
824,end,17
837,end,17
849,end,17
859,end,17
765,end,17
880,end,17
907,end,17
919,end,17
933,end,17
943,end,17
955,end,17
944,start,17
892,end,17
493,end,17
749,end,17
723,end,17
522,end,17
534,end,17
548,end,17
564,end,17
579,end,17
593,end,17
735,end,17
605,end,17
634,end,17
650,end,17
661,end,17
676,end,17
691,end,17
702,end,17
620,end,17
934,start,17
881,start,17
908,start,17
379,start,17
364,start,17
353,start,17
337,start,17
323,start,17
309,start,17
295,start,17
282,start,17
269,start,17
259,start,17
242,start,17
230,start,17
219,start,17
209,start,17
191,start,17
161,start,17
144,start,17
920,start,17
3,outsider,17
105,outsider,17
16,outsider,17
128,outsider,17
3,start,17
393,start,17
17,start,17
42,start,17
65,start,17
77,start,17
92,start,17
105,start,17
129,start,17
31,start,17
405,start,17
175,start,17
432,start,17
893,start,17
421,start,17
860,start,17
850,start,17
838,start,17
825,start,17
813,start,17
797,start,17
766,start,17
750,start,17
736,start,17
724,start,17
703,start,17
692,start,17
677,start,17
783,start,17
523,start,17
476,start,17
494,start,17
505,start,17
445,start,17
535,start,17
549,start,17
662,start,17
462,start,17
580,start,17
594,start,17
606,start,17
621,start,17
635,start,17
651,start,17
565,start,17
277,end,18
291,end,18
445,end,18
250,end,18
305,end,18
238,end,18
264,end,18
316,end,18
416,end,18
344,end,18
359,end,18
377,end,18
390,end,18
403,end,18
431,end,18
225,end,18
330,end,18
213,end,18
952,start,18
184,end,18
458,end,18
914,start,18
927,start,18
940,start,18
8,end,18
21,end,18
36,end,18
198,end,18
52,end,18
79,end,18
91,end,18
112,end,18
127,end,18
140,end,18
154,end,18
165,end,18
64,end,18
474,end,18
913,end,18
500,end,18
773,end,18
785,end,18
797,end,18
812,end,18
825,end,18
835,end,18
847,end,18
758,end,18
856,end,18
886,end,18
902,end,18
926,end,18
939,end,18
951,end,18
968,end,18
903,start,18
868,end,18
486,end,18
746,end,18
718,end,18
513,end,18
528,end,18
543,end,18
555,end,18
571,end,18
583,end,18
597,end,18
732,end,18
607,end,18
638,end,18
653,end,18
659,end,18
669,end,18
692,end,18
700,end,18
708,end,18
620,end,18
887,start,18
0,outsider,18
857,start,18
128,start,18
141,start,18
155,start,18
166,start,18
185,start,18
199,start,18
214,start,18
226,start,18
239,start,18
251,start,18
265,start,18
278,start,18
292,start,18
306,start,18
317,start,18
113,start,18
92,start,18
80,start,18
65,start,18
654,outsider,18
660,outsider,18
670,outsider,18
869,start,18
701,outsider,18
8,outsider,18
659,outsider,18
331,start,18
669,outsider,18
700,outsider,18
708,outsider,18
0,start,18
9,start,18
22,start,18
37,start,18
53,start,18
692,outsider,18
345,start,18
693,outsider,18
378,start,18
660,start,18
670,start,18
693,start,18
701,start,18
709,start,18
719,start,18
733,start,18
654,start,18
747,start,18
774,start,18
786,start,18
798,start,18
813,start,18
826,start,18
848,start,18
360,start,18
759,start,18
639,start,18
836,start,18
608,start,18
621,start,18
417,start,18
432,start,18
446,start,18
459,start,18
475,start,18
487,start,18
404,start,18
514,start,18
598,start,18
501,start,18
584,start,18
391,start,18
556,start,18
544,start,18
529,start,18
572,start,18
241,end,19
256,end,19
271,end,19
286,end,19
299,end,19
311,end,19
326,end,19
374,end,19
404,end,19
422,end,19
437,end,19
226,end,19
450,end,19
359,end,19
390,end,19
96,end,19
200,end,19
466,end,19
928,start,19
942,start,19
12,end,19
20,end,19
37,end,19
210,end,19
49,end,19
80,end,19
112,end,19
133,end,19
148,end,19
165,end,19
192,end,19
68,end,19
483,end,19
752,end,19
507,end,19
914,start,19
959,end,19
941,end,19
927,end,19
913,end,19
901,end,19
887,end,19
873,end,19
859,end,19
837,end,19
824,end,19
810,end,19
794,end,19
782,end,19
770,end,19
736,end,19
722,end,19
518,end,19
534,end,19
551,end,19
566,end,19
578,end,19
592,end,19
496,end,19
606,end,19
634,end,19
649,end,19
664,end,19
675,end,19
690,end,19
706,end,19
619,end,19
902,start,19
343,end,19
874,start,19
344,start,19
327,start,19
312,start,19
300,start,19
287,start,19
272,start,19
257,start,19
242,start,19
227,start,19
211,start,19
201,start,19
193,start,19
166,start,19
149,start,19
134,start,19
97,start,19
81,start,19
3,outsider,19
166,outsider,19
193,outsider,19
484,outsider,19
12,outsider,19
192,outsider,19
360,start,19
200,outsider,19
3,start,19
13,start,19
21,start,19
38,start,19
50,start,19
69,start,19
496,outsider,19
375,start,19
113,start,19
405,start,19
665,start,19
676,start,19
691,start,19
707,start,19
723,start,19
753,start,19
650,start,19
771,start,19
795,start,19
811,start,19
825,start,19
838,start,19
860,start,19
391,start,19
783,start,19
635,start,19
737,start,19
620,start,19
423,start,19
438,start,19
451,start,19
467,start,19
484,start,19
888,start,19
508,start,19
497,start,19
535,start,19
552,start,19
567,start,19
579,start,19
593,start,19
607,start,19
519,start,19
257,end,20
325,end,20
273,end,20
287,end,20
301,end,20
313,end,20
339,end,20
435,end,20
366,end,20
377,end,20
393,end,20
412,end,20
423,end,20
448,end,20
242,end,20
351,end,20
229,end,20
5,end,20
202,end,20
460,end,20
952,start,20
20,end,20
33,end,20
44,end,20
56,end,20
72,end,20
217,end,20
82,end,20
106,end,20
122,end,20
134,end,20
149,end,20
162,end,20
174,end,20
188,end,20
95,end,20
471,end,20
928,end,20
492,end,20
774,end,20
785,end,20
801,end,20
812,end,20
828,end,20
840,end,20
851,end,20
760,end,20
860,end,20
886,end,20
901,end,20
916,end,20
945,start,20
944,end,20
951,end,20
962,end,20
873,end,20
482,end,20
744,end,20
719,end,20
507,end,20
518,end,20
531,end,20
543,end,20
558,end,20
572,end,20
585,end,20
731,end,20
599,end,20
624,end,20
633,end,20
647,end,20
658,end,20
673,end,20
701,end,20
705,end,20
609,end,20
929,start,20
813,start,20
902,start,20
175,start,20
189,start,20
203,start,20
218,start,20
230,start,20
243,start,20
258,start,20
274,start,20
288,start,20
302,start,20
314,start,20
326,start,20
340,start,20
352,start,20
367,start,20
163,start,20
150,start,20
135,start,20
123,start,20
0,outsider,20
674,outsider,20
702,outsider,20
5,outsider,20
701,outsider,20
705,outsider,20
0,start,20
378,start,20
6,start,20
34,start,20
45,start,20
917,start,20
73,start,20
83,start,20
96,start,20
107,start,20
21,start,20
394,start,20
57,start,20
424,start,20
702,start,20
706,start,20
732,start,20
745,start,20
761,start,20
775,start,20
786,start,20
802,start,20
829,start,20
841,start,20
852,start,20
861,start,20
874,start,20
887,start,20
413,start,20
674,start,20
659,start,20
720,start,20
634,start,20
436,start,20
449,start,20
461,start,20
472,start,20
648,start,20
493,start,20
508,start,20
519,start,20
483,start,20
544,start,20
559,start,20
573,start,20
586,start,20
625,start,20
600,start,20
610,start,20
532,start,20
247,end,21
261,end,21
280,end,21
300,end,21
357,end,21
335,end,21
373,end,21
233,end,21
390,end,21
315,end,21
214,end,21
29,end,21
181,end,21
173,end,21
156,end,21
140,end,21
126,end,21
110,end,21
87,end,21
74,end,21
54,end,21
41,end,21
411,end,21
199,end,21
832,end,21
707,end,21
448,end,21
819,start,21
818,end,21
799,end,21
780,end,21
766,end,21
752,end,21
736,end,21
720,end,21
691,end,21
678,end,21
668,end,21
431,end,21
652,end,21
619,end,21
604,end,21
593,end,21
575,end,21
556,end,21
540,end,21
524,end,21
508,end,21
494,end,21
480,end,21
466,end,21
638,end,21
800,start,21
374,start,21
767,start,21
301,start,21
281,start,21
262,start,21
248,start,21
234,start,21
215,start,21
200,start,21
182,start,21
174,start,21
157,start,21
141,start,21
127,start,21
111,start,21
88,start,21
75,start,21
55,start,21
42,start,21
30,start,21
0,start,21
110,outsider,21
88,outsider,21
0,outsider,21
781,start,21
316,start,21
336,start,21
29,outsider,21
391,start,21
358,start,21
753,start,21
737,start,21
708,start,21
692,start,21
679,start,21
669,start,21
653,start,21
639,start,21
620,start,21
605,start,21
721,start,21
576,start,21
412,start,21
594,start,21
467,start,21
481,start,21
449,start,21
509,start,21
525,start,21
541,start,21
557,start,21
495,start,21
432,start,21
316,end,22
299,end,22
189,end,22
287,end,22
267,end,22
248,end,22
236,end,22
216,end,22
202,end,22
99,end,22
127,end,22
111,end,22
93,end,22
53,end,22
32,end,22
19,end,22
7,end,22
333,end,22
700,start,22
149,end,22
350,end,22
550,end,22
390,end,22
685,start,22
711,end,22
699,end,22
684,end,22
671,end,22
658,end,22
646,end,22
624,end,22
607,end,22
589,end,22
576,end,22
562,end,22
534,end,22
519,end,22
504,end,22
485,end,22
471,end,22
453,end,22
436,end,22
420,end,22
403,end,22
365,end,22
672,start,22
169,end,22
647,start,22
217,start,22
203,start,22
190,start,22
170,start,22
150,start,22
128,start,22
112,start,22
100,start,22
94,start,22
237,start,22
54,start,22
20,start,22
8,start,22
0,start,22
99,outsider,22
7,outsider,22
94,outsider,22
54,outsider,22
0,outsider,22
659,start,22
33,start,22
249,start,22
93,outsider,22
288,start,22
625,start,22
268,start,22
608,start,22
590,start,22
563,start,22
551,start,22
535,start,22
520,start,22
505,start,22
486,start,22
577,start,22
454,start,22
472,start,22
334,start,22
366,start,22
300,start,22
351,start,22
404,start,22
421,start,22
437,start,22
391,start,22
317,start,22
271,end,23
356,end,23
287,end,23
300,end,23
314,end,23
329,end,23
342,end,23
416,end,23
384,end,23
402,end,23
432,end,23
441,end,23
452,end,23
257,end,23
465,end,23
373,end,23
245,end,23
78,end,23
212,end,23
478,end,23
1129,start,23
1146,start,23
9,end,23
19,end,23
32,end,23
50,end,23
228,end,23
65,end,23
104,end,23
121,end,23
135,end,23
149,end,23
167,end,23
180,end,23
197,end,23
94,end,23
491,end,23
920,end,23
518,end,23
904,end,23
934,end,23
945,end,23
960,end,23
975,end,23
993,end,23
1007,end,23
883,end,23
1021,end,23
1068,end,23
1091,end,23
1111,end,23
1162,end,23
1128,end,23
1145,end,23
1112,start,23
1048,end,23
504,end,23
860,end,23
824,end,23
534,end,23
550,end,23
567,end,23
586,end,23
603,end,23
618,end,23
636,end,23
844,end,23
661,end,23
692,end,23
713,end,23
730,end,23
753,end,23
767,end,23
785,end,23
801,end,23
676,end,23
1092,start,23
861,outsider,23
1049,start,23
181,start,23
198,start,23
213,start,23
229,start,23
246,start,23
258,start,23
272,start,23
288,start,23
301,start,23
315,start,23
330,start,23
343,start,23
357,start,23
374,start,23
385,start,23
168,start,23
150,start,23
122,start,23
105,start,23
1069,start,23
0,outsider,23
731,outsider,23
1022,outsider,23
9,outsider,23
753,outsider,23
883,outsider,23
403,start,23
1048,outsider,23
10,start,23
20,start,23
33,start,23
51,start,23
66,start,23
79,start,23
95,start,23
0,start,23
417,start,23
136,start,23
442,start,23
768,start,23
786,start,23
802,start,23
825,start,23
845,start,23
861,start,23
905,start,23
754,start,23
921,start,23
946,start,23
961,start,23
976,start,23
994,start,23
1008,start,23
1022,start,23
433,start,23
935,start,23
731,start,23
884,start,23
714,start,23
453,start,23
466,start,23
479,start,23
492,start,23
505,start,23
535,start,23
551,start,23
568,start,23
519,start,23
604,start,23
619,start,23
637,start,23
662,start,23
677,start,23
693,start,23
587,start,23
321,end,24
233,end,24
304,end,24
294,end,24
280,end,24
266,end,24
250,end,24
214,end,24
55,end,24
171,end,24
154,end,24
127,end,24
110,end,24
90,end,24
71,end,24
30,end,24
333,end,24
191,end,24
349,end,24
694,end,24
378,end,24
13,end,24
711,end,24
671,end,24
653,end,24
626,end,24
604,end,24
580,end,24
567,end,24
551,end,24
527,end,24
514,end,24
496,end,24
477,end,24
456,end,24
438,end,24
422,end,24
403,end,24
364,end,24
695,start,24
439,start,24
654,start,24
267,start,24
251,start,24
234,start,24
215,start,24
192,start,24
172,start,24
155,start,24
128,start,24
111,start,24
72,start,24
56,start,24
31,start,24
14,start,24
0,start,24
13,outsider,24
0,outsider,24
672,start,24
281,start,24
295,start,24
91,start,24
322,start,24
627,start,24
305,start,24
605,start,24
581,start,24
568,start,24
528,start,24
515,start,24
497,start,24
552,start,24
457,start,24
423,start,24
404,start,24
379,start,24
365,start,24
334,start,24
478,start,24
350,start,24
364,end,25
258,end,25
272,end,25
288,end,25
338,end,25
326,end,25
350,end,25
245,end,25
377,end,25
304,end,25
224,end,25
49,end,25
191,end,25
161,end,25
124,end,25
106,end,25
87,end,25
64,end,25
34,end,25
20,end,25
821,start,25
403,end,25
805,start,25
206,end,25
424,end,25
734,end,25
464,end,25
790,start,25
837,end,25
820,end,25
804,end,25
789,end,25
771,end,25
752,end,25
720,end,25
709,end,25
688,end,25
667,end,25
651,end,25
631,end,25
616,end,25
603,end,25
594,end,25
571,end,25
557,end,25
539,end,25
525,end,25
507,end,25
496,end,25
482,end,25
449,end,25
772,start,25
170,end,25
735,start,25
273,start,25
259,start,25
246,start,25
225,start,25
207,start,25
192,start,25
171,start,25
162,start,25
125,start,25
107,start,25
88,start,25
289,start,25
50,start,25
21,start,25
0,start,25
170,outsider,25
161,outsider,25
49,outsider,25
20,outsider,25
162,outsider,25
125,outsider,25
35,outsider,25
0,outsider,25
753,start,25
35,start,25
305,start,25
65,start,25
339,start,25
327,start,25
721,start,25
710,start,25
689,start,25
668,start,25
652,start,25
632,start,25
617,start,25
595,start,25
572,start,25
558,start,25
540,start,25
604,start,25
365,start,25
526,start,25
508,start,25
497,start,25
483,start,25
465,start,25
450,start,25
425,start,25
404,start,25
378,start,25
351,start,25
291,end,26
306,end,26
317,end,26
336,end,26
351,end,26
420,end,26
378,end,26
392,end,26
408,end,26
433,end,26
275,end,26
366,end,26
260,end,26
70,end,26
230,end,26
213,end,26
200,end,26
187,end,26
171,end,26
154,end,26
130,end,26
118,end,26
99,end,26
83,end,26
46,end,26
449,end,26
245,end,26
467,end,26
848,end,26
497,end,26
910,end,26
893,end,26
882,end,26
865,end,26
32,end,26
833,end,26
820,end,26
805,end,26
791,end,26
775,end,26
760,end,26
749,end,26
732,end,26
486,end,26
714,end,26
684,end,26
667,end,26
657,end,26
642,end,26
628,end,26
610,end,26
597,end,26
581,end,26
570,end,26
556,end,26
540,end,26
526,end,26
511,end,26
699,end,26
894,start,26
57,end,26
866,start,26
379,start,26
367,start,26
352,start,26
337,start,26
318,start,26
307,start,26
292,start,26
276,start,26
261,start,26
246,start,26
231,start,26
201,start,26
188,start,26
172,start,26
155,start,26
131,start,26
119,start,26
100,start,26
84,start,26
71,start,26
58,start,26
47,start,26
33,start,26
0,start,26
32,outsider,26
0,outsider,26
883,start,26
393,start,26
409,start,26
214,start,26
434,start,26
421,start,26
834,start,26
821,start,26
806,start,26
792,start,26
776,start,26
761,start,26
750,start,26
733,start,26
715,start,26
700,start,26
685,start,26
668,start,26
658,start,26
849,start,26
629,start,26
643,start,26
468,start,26
487,start,26
498,start,26
512,start,26
527,start,26
450,start,26
557,start,26
571,start,26
582,start,26
598,start,26
611,start,26
541,start,26
243,end,27
264,end,27
279,end,27
400,end,27
290,end,27
338,end,27
321,end,27
348,end,27
369,end,27
382,end,27
225,end,27
302,end,27
207,end,27
103,end,27
177,end,27
162,end,27
152,end,27
131,end,27
117,end,27
83,end,27
67,end,27
52,end,27
40,end,27
24,end,27
891,start,27
879,start,27
418,end,27
193,end,27
442,end,27
863,start,27
477,end,27
890,end,27
878,end,27
862,end,27
848,end,27
824,end,27
810,end,27
798,end,27
780,end,27
756,end,27
736,end,27
727,end,27
715,end,27
696,end,27
683,end,27
910,end,27
667,end,27
647,end,27
634,end,27
622,end,27
606,end,27
586,end,27
571,end,27
557,end,27
542,end,27
524,end,27
506,end,27
490,end,27
457,end,27
849,start,27
104,start,27
811,start,27
291,start,27
280,start,27
265,start,27
244,start,27
226,start,27
208,start,27
194,start,27
178,start,27
163,start,27
153,start,27
132,start,27
118,start,27
303,start,27
84,start,27
53,start,27
41,start,27
25,start,27
0,start,27
264,outsider,27
52,outsider,27
24,outsider,27
265,outsider,27
244,outsider,27
41,outsider,27
0,outsider,27
825,start,27
68,start,27
322,start,27
279,outsider,27
349,start,27
339,start,27
799,start,27
781,start,27
757,start,27
737,start,27
716,start,27
697,start,27
684,start,27
668,start,27
648,start,27
635,start,27
623,start,27
607,start,27
728,start,27
572,start,27
370,start,27
587,start,27
383,start,27
401,start,27
443,start,27
458,start,27
419,start,27
491,start,27
507,start,27
525,start,27
543,start,27
558,start,27
478,start,27
289,end,28
303,end,28
181,end,28
273,end,28
256,end,28
230,end,28
210,end,28
193,end,28
159,end,28
61,end,28
127,end,28
112,end,28
90,end,28
76,end,28
49,end,28
36,end,28
325,end,28
20,end,28
144,end,28
344,end,28
638,end,28
380,end,28
724,start,28
736,end,28
723,end,28
709,end,28
690,end,28
672,end,28
659,end,28
617,end,28
592,end,28
578,end,28
564,end,28
545,end,28
524,end,28
500,end,28
476,end,28
455,end,28
435,end,28
417,end,28
399,end,28
365,end,28
710,start,28
618,start,28
673,start,28
211,start,28
194,start,28
182,start,28
160,start,28
145,start,28
128,start,28
113,start,28
91,start,28
231,start,28
62,start,28
37,start,28
21,start,28
0,start,28
76,outsider,28
20,outsider,28
62,outsider,28
0,outsider,28
691,start,28
50,start,28
257,start,28
77,start,28
290,start,28
660,start,28
274,start,28
639,start,28
593,start,28
579,start,28
546,start,28
525,start,28
501,start,28
477,start,28
565,start,28
456,start,28
436,start,28
418,start,28
400,start,28
381,start,28
366,start,28
345,start,28
326,start,28
304,start,28
252,end,29
262,end,29
277,end,29
868,end,29
334,end,29
317,end,29
371,end,29
350,end,29
230,end,29
297,end,29
213,end,29
52,end,29
179,end,29
160,end,29
135,end,29
116,end,29
102,end,29
94,end,29
69,end,29
39,end,29
28,end,29
389,end,29
198,end,29
411,end,29
787,end,29
453,end,29
848,start,29
847,end,29
824,end,29
810,end,29
771,end,29
753,end,29
736,end,29
716,end,29
701,end,29
686,end,29
431,end,29
663,end,29
633,end,29
618,end,29
598,end,29
582,end,29
565,end,29
544,end,29
526,end,29
508,end,29
488,end,29
471,end,29
648,end,29
825,start,29
489,start,29
788,start,29
278,start,29
263,start,29
253,start,29
231,start,29
214,start,29
199,start,29
180,start,29
161,start,29
136,start,29
103,start,29
95,start,29
70,start,29
53,start,29
40,start,29
29,start,29
0,start,29
94,outsider,29
28,outsider,29
70,outsider,29
0,outsider,29
811,start,29
298,start,29
318,start,29
117,start,29
351,start,29
772,start,29
335,start,29
754,start,29
737,start,29
717,start,29
702,start,29
687,start,29
649,start,29
634,start,29
619,start,29
599,start,29
664,start,29
566,start,29
545,start,29
527,start,29
509,start,29
472,start,29
454,start,29
432,start,29
412,start,29
583,start,29
390,start,29
372,start,29
355,end,30
218,end,30
239,end,30
257,end,30
277,end,30
336,end,30
305,end,30
323,end,30
199,end,30
292,end,30
184,end,30
21,end,30
153,end,30
134,end,30
117,end,30
103,end,30
88,end,30
75,end,30
59,end,30
49,end,30
33,end,30
867,start,30
377,end,30
168,end,30
393,end,30
823,end,30
430,end,30
851,end,30
837,end,30
852,start,30
800,end,30
781,end,30
766,end,30
749,end,30
731,end,30
712,end,30
702,end,30
687,end,30
412,end,30
671,end,30
631,end,30
612,end,30
595,end,30
577,end,30
565,end,30
542,end,30
524,end,30
502,end,30
480,end,30
463,end,30
447,end,30
653,end,30
838,start,30
413,start,30
801,start,30
278,start,30
258,start,30
240,start,30
219,start,30
200,start,30
185,start,30
169,start,30
154,start,30
135,start,30
118,start,30
104,start,30
89,start,30
76,start,30
60,start,30
50,start,30
34,start,30
22,start,30
0,start,30
712,outsider,30
21,outsider,30
703,outsider,30
0,outsider,30
866,end,30
293,start,30
306,start,30
324,start,30
337,start,30
782,start,30
767,start,30
750,start,30
732,start,30
713,start,30
703,start,30
688,start,30
672,start,30
654,start,30
632,start,30
613,start,30
824,start,30
596,start,30
566,start,30
543,start,30
525,start,30
503,start,30
481,start,30
464,start,30
448,start,30
431,start,30
394,start,30
378,start,30
356,start,30
578,start,30
883,end,30
